model,image,true_class,pred_class,correct,iou
Nano,98e509e3-8e6d-4b73-af16-04d71804a0fa.jpg,MCB,MAINBREAKER,False,0.9307409813470806
Nano,98e509e3-8e6d-4b73-af16-04d71804a0fa.jpg,RCD,RCD,True,0.9066835703448749
Nano,98e509e3-8e6d-4b73-af16-04d71804a0fa.jpg,RCD,RCD,True,0.9060706184976479
Nano,98e509e3-8e6d-4b73-af16-04d71804a0fa.jpg,MCB,MCB,True,0.8484559251554129
Nano,98e509e3-8e6d-4b73-af16-04d71804a0fa.jpg,MCB,MCB,True,0.873821957721474
Nano,98e509e3-8e6d-4b73-af16-04d71804a0fa.jpg,RCD,RCD,True,0.8405731632523328
Nano,98e509e3-8e6d-4b73-af16-04d71804a0fa.jpg,OTHER,OTHER,True,0.6333790041610726
Nano,98e509e3-8e6d-4b73-af16-04d71804a0fa.jpg,RCD,RCD,True,0.9358685787570793
Nano,98e509e3-8e6d-4b73-af16-04d71804a0fa.jpg,OTHER,OTHER,True,0.8100417102092964
Nano,98e509e3-8e6d-4b73-af16-04d71804a0fa.jpg,RCD,RCD,True,0.8726546481147471
Nano,98e509e3-8e6d-4b73-af16-04d71804a0fa.jpg,MCB,MAINBREAKER,False,0.9587473000365968
Nano,98e509e3-8e6d-4b73-af16-04d71804a0fa.jpg,MCB,MAINBREAKER,False,0.9007550441244401
Nano,98e509e3-8e6d-4b73-af16-04d71804a0fa.jpg,MCB,MCB,True,0.9320146981791492
Nano,bd224dae-2a2e-4846-b248-b2ac2ea6ade4.jpg,MAINBREAKER,MAINBREAKER,True,0.9034858534560885
Nano,bd224dae-2a2e-4846-b248-b2ac2ea6ade4.jpg,RCD,RCD,True,0.8863432461545661
Nano,bd224dae-2a2e-4846-b248-b2ac2ea6ade4.jpg,MCB,MCB,True,0.9043280508909336
Nano,bd224dae-2a2e-4846-b248-b2ac2ea6ade4.jpg,MCB,MCB,True,0.8534361744980913
Nano,bd224dae-2a2e-4846-b248-b2ac2ea6ade4.jpg,MCB,MCB,True,0.8677015718647978
Nano,bd224dae-2a2e-4846-b248-b2ac2ea6ade4.jpg,MCB,MCB,True,0.8765277599731331
Nano,c14de4ec-f0a8-478f-8f5a-f5995345b265.jpg,RCD,RCD,True,0.9406996132419484
Nano,c14de4ec-f0a8-478f-8f5a-f5995345b265.jpg,RCD,RCD,True,0.9652819880220675
Nano,c14de4ec-f0a8-478f-8f5a-f5995345b265.jpg,MCB,MCB,True,0.8762171090043637
Nano,c14de4ec-f0a8-478f-8f5a-f5995345b265.jpg,MCB,MCB,True,0.8642672065764393
Nano,c14de4ec-f0a8-478f-8f5a-f5995345b265.jpg,MCB,MCB,True,0.960467227419527
Nano,c14de4ec-f0a8-478f-8f5a-f5995345b265.jpg,RCD,RCD,True,0.9050460009948287
Nano,c14de4ec-f0a8-478f-8f5a-f5995345b265.jpg,MCB,MCB,True,0.8836824125571753
Nano,c14de4ec-f0a8-478f-8f5a-f5995345b265.jpg,MCB,MCB,True,0.9324260099736735
Nano,c14de4ec-f0a8-478f-8f5a-f5995345b265.jpg,MCB,MCB,True,0.8966658335438132
Nano,c14de4ec-f0a8-478f-8f5a-f5995345b265.jpg,MCB,MCB,True,0.870936288751907
Nano,c14de4ec-f0a8-478f-8f5a-f5995345b265.jpg,MCB,OTHER,False,0.8348276738764584
Nano,c14de4ec-f0a8-478f-8f5a-f5995345b265.jpg,MCB,MCB,True,0.889016240612684
Nano,c14de4ec-f0a8-478f-8f5a-f5995345b265.jpg,RCD,RCD,True,0.876689240083807
Nano,c14de4ec-f0a8-478f-8f5a-f5995345b265.jpg,MCB,MCB,True,0.9294622269679126
Nano,FRANCE_8609f1fb-0aba-4a22-9038-9dc8faf163df.jpg,RCD,RCD,True,0.9498100517277392
Nano,FRANCE_8609f1fb-0aba-4a22-9038-9dc8faf163df.jpg,MCB,MCB,True,0.933974433418719
Nano,FRANCE_8609f1fb-0aba-4a22-9038-9dc8faf163df.jpg,MCB,MCB,True,0.8964403146398318
Nano,FRANCE_8609f1fb-0aba-4a22-9038-9dc8faf163df.jpg,MCB,MCB,True,0.9680956318950983
Nano,FRANCE_8609f1fb-0aba-4a22-9038-9dc8faf163df.jpg,MCB,MCB,True,0.932981384323003
Nano,FRANCE_8609f1fb-0aba-4a22-9038-9dc8faf163df.jpg,MCB,MCB,True,0.9403140991306645
Nano,FRANCE_8609f1fb-0aba-4a22-9038-9dc8faf163df.jpg,MCB,MCB,True,0.8578716611519005
Nano,FRANCE_8609f1fb-0aba-4a22-9038-9dc8faf163df.jpg,MCB,MCB,True,0.954932936945745
Nano,FRANCE_8609f1fb-0aba-4a22-9038-9dc8faf163df.jpg,MCB,MCB,True,0.8940781554681198
Nano,FRANCE_8609f1fb-0aba-4a22-9038-9dc8faf163df.jpg,MCB,MCB,True,0.9412469272651629
Nano,FRANCE_8609f1fb-0aba-4a22-9038-9dc8faf163df.jpg,MCB,MCB,True,0.8596534170711088
Nano,FRANCE_8609f1fb-0aba-4a22-9038-9dc8faf163df.jpg,MCB,MCB,True,0.903679786522575
Nano,FRANCE_8609f1fb-0aba-4a22-9038-9dc8faf163df.jpg,MCB,MCB,True,0.8373585443616103
Nano,scraped_approved_1782573685_4.jpg,RCD_SI,RCD,False,0.9454677469525701
Nano,scraped_approved_1782573685_4.jpg,MAINBREAKER,RCD,False,0.8490237760386621
Nano,scraped_approved_1782573685_4.jpg,RCD,MCB,False,0.8876467033848009
Nano,scraped_approved_1782573685_4.jpg,RCD,MCB,False,0.8271943466076681
Nano,scraped_approved_1782573685_4.jpg,RCD,MCB,False,0.8652301871384813
Nano,scraped_approved_1782573685_4.jpg,RCD,OVERSURGE,False,0.446359734763196
Nano,scraped_approved_1782573693_6.png,MCB,MCB,True,0.5786295553759501
Nano,scraped_approved_1782573693_6.png,MAINBREAKER,RCD,False,0.5457987880070121
Nano,scraped_approved_1782573693_6.png,RCD,MCB,False,0.5829465437612501
Nano,scraped_approved_1782573693_6.png,RCD,MCB,False,0.6030298244808062
Nano,scraped_approved_1782573693_6.png,RCD,MCB,False,0.6017682739957757
Nano,scraped_approved_1782573719_15.jpg,MCB,MCB,True,0.9052165378782837
Nano,scraped_approved_1782573719_15.jpg,MAINBREAKER,RCD,False,0.9048242364146575
Nano,scraped_approved_1782573719_15.jpg,RCD,MCB,False,0.8628581620172658
Nano,scraped_approved_1782573719_15.jpg,RCD,MCB,False,0.4657223400918575
Nano,scraped_approved_1782573719_15.jpg,RCD,MCB,False,0.8719512026619434
Nano,scraped_approved_1782573719_15.jpg,RCD,MCB,False,0.6358225480383025
Nano,scraped_approved_1782573719_15.jpg,RCD,MCB,False,0.8405414857625848
Nano,scraped_approved_1782573719_15.jpg,RCD,RCD,True,0.47832787940976934
Nano,scraped_approved_1782573725_19.jpg,MCB,MAINBREAKER,False,0.8485137479107854
Nano,scraped_approved_1782573725_19.jpg,MCB,MAINBREAKER,False,0.8235271002486242
Nano,scraped_approved_1782573725_19.jpg,MAINBREAKER,RCD,False,0.9549503290518966
Nano,scraped_approved_1782573725_19.jpg,RCD,MCB,False,0.9196095105984058
Nano,scraped_approved_1782573725_19.jpg,RCD,MCB,False,0.7982240761335287
Nano,scraped_approved_1782573725_19.jpg,MAINBREAKER,RCD,False,0.9001382136440004
Nano,scraped_approved_1782573725_19.jpg,RCD,MCB,False,0.9180068843850914
Nano,scraped_approved_1782573725_19.jpg,RCD,MCB,False,0.8810743194377815
Nano,scraped_approved_1782573725_19.jpg,RCD,MCB,False,0.8760177498429742
Nano,scraped_approved_1782573726_20.jpg,MCB,MAINBREAKER,False,0.8511811956414392
Nano,scraped_approved_1782573726_20.jpg,RCD,MCB,False,0.8141404530936193
Nano,scraped_approved_1782573726_20.jpg,MCB,MAINBREAKER,False,0.8538614981198088
Nano,scraped_approved_1782573726_20.jpg,RCD,MCB,False,0.8362364541954358
Nano,scraped_approved_1782573726_20.jpg,MAINBREAKER,RCD,False,0.8643766871588999
Nano,scraped_approved_1782573726_20.jpg,RCD,MCB,False,0.7999744845621467
Nano,scraped_approved_1782573726_20.jpg,RCD,MCB,False,0.9560625930752228
Nano,scraped_approved_1782573726_20.jpg,RCD,MCB,False,0.8325010208034302
Nano,scraped_approved_1782573726_20.jpg,RCD,MCB,False,0.8775543410129653
Nano,scraped_approved_1782573726_20.jpg,RCD,MCB,False,0.8875991710808471
Nano,scraped_approved_1782573732_25.jpg,MAINBREAKER,MAINBREAKER,True,0.9767000311161286
Nano,scraped_approved_1782573732_25.jpg,MAINBREAKER,MAINBREAKER,True,0.9868224559502965
Nano,scraped_approved_1782573732_25.jpg,RCD,RCD,True,0.98115511064919
Nano,scraped_approved_1782573732_25.jpg,RCD,RCD,True,0.9741836643103723
Nano,scraped_approved_1782573732_25.jpg,MCB,MCB,True,0.9313693199344895
Nano,scraped_approved_1782573732_25.jpg,MCB,RCD,False,0.9584283843211675
Nano,scraped_approved_1782573732_25.jpg,MCB,MCB,True,0.9586324483319341
Nano,scraped_approved_1782573732_25.jpg,MCB,MCB,True,0.9083408209556664
Nano,scraped_approved_1782573732_25.jpg,MCB,MCB,True,0.9245550924689395
Nano,scraped_approved_1782573732_25.jpg,MCB,MCB,True,0.9400424886150074
Nano,scraped_approved_1782573732_25.jpg,MCB,MCB,True,0.9526652678447577
Nano,scraped_approved_1782573735_27.jpg,MAINBREAKER,MAINBREAKER,True,0.9880764935021393
Nano,scraped_approved_1782573735_27.jpg,RCD,RCD,True,0.9375016046085303
Nano,scraped_approved_1782573735_27.jpg,MCB,MCB,True,0.9726086146601638
Nano,scraped_approved_1782573735_27.jpg,MCB,RCD,False,0.9240401297593187
Nano,scraped_approved_1782573735_27.jpg,MCB,MCB,True,0.9491983108295323
Nano,scraped_approved_1782573735_27.jpg,MCB,RCD,False,0.9379919673063661
Nano,scraped_approved_1782573735_27.jpg,MCB,RCD,False,0.9708836477535989
Nano,scraped_approved_1782573741_30.jpg,MCB,RCD,False,0.9244337828884803
Nano,scraped_approved_1782573741_30.jpg,MCB,MCB,True,0.4361355930342645
Nano,scraped_approved_1782573741_30.jpg,MCB,MCB,True,0.6066990278197114
Nano,scraped_approved_1782573748_32.jpg,RCD,RCD,True,0.973065685935645
Nano,scraped_approved_1782573748_32.jpg,MAINBREAKER,MAINBREAKER,True,0.9707614744958387
Nano,scraped_approved_1782573748_32.jpg,MCB,MCB,True,0.9539551446600562
Nano,scraped_approved_1782573748_32.jpg,MCB,RCD,False,0.9664909224015842
Nano,scraped_approved_1782573748_32.jpg,MCB,MCB,True,0.9737054900541129
Nano,scraped_approved_1782573748_32.jpg,RCD,RCD,True,0.972967555374364
Nano,scraped_approved_1782573748_32.jpg,MCB,RCD,False,0.5080156674544347
Nano,scraped_approved_1782573748_32.jpg,MCB,MCB,True,0.9712230780498003
Nano,scraped_approved_1782573748_32.jpg,MCB,MCB,True,0.9819624787777425
Nano,scraped_approved_1782573748_32.jpg,MCB,MCB,True,0.9658371316524155
Nano,scraped_approved_1782573748_32.jpg,MCB,MCB,True,0.97205485644476
Nano,scraped_approved_1782573748_32.jpg,RCD,RCD,True,0.9718366995982558
Nano,scraped_approved_1782573748_32.jpg,MCB,MCB,True,0.9852149310908448
Nano,scraped_approved_1782573751_35.jpg,MAINBREAKER,MAINBREAKER,True,0.9225030214043869
Nano,scraped_approved_1782573751_35.jpg,MCB,MCB,True,0.9718602751107218
Nano,scraped_approved_1782573751_35.jpg,MCB,MCB,True,0.9696528656003288
Nano,scraped_approved_1782573751_35.jpg,MCB,MCB,True,0.9763343749744341
Nano,scraped_approved_1782573751_35.jpg,RCD,RCD,True,0.9575373945747795
Nano,scraped_approved_1782573751_35.jpg,MAINBREAKER,MAINBREAKER,True,0.958975885912316
Nano,scraped_approved_1782573751_35.jpg,MAINBREAKER,MAINBREAKER,True,0.9443898680564492
Nano,scraped_approved_1782573804_73.jpg,MAINBREAKER,RCD,False,0.5298455212451926
Nano,scraped_approved_1782573804_73.jpg,MCB,MCB,True,0.962739540094822
Nano,scraped_approved_1782573804_73.jpg,MCB,MCB,True,0.950275257145831
Nano,scraped_approved_1782573804_73.jpg,MCB,MCB,True,0.95416119873733
Nano,scraped_approved_1782573804_73.jpg,MCB,MCB,True,0.9834849799875537
Nano,scraped_approved_1782573804_73.jpg,MCB,MCB,True,0.9611630015606242
Nano,scraped_approved_1782573804_73.jpg,MCB,MCB,True,0.9808034733978707
Nano,scraped_approved_1782573804_73.jpg,MCB,MCB,True,0.9362285426142326
Nano,scraped_approved_1782573839_103.jpg,RCD,RCD,True,0.9441659107832164
Nano,scraped_approved_1782573839_103.jpg,MCB,MCB,True,0.9467293030397725
Nano,scraped_approved_1782573839_103.jpg,MCB,MCB,True,0.9470744406894037
Nano,scraped_approved_1782573839_103.jpg,MCB,MCB,True,0.9349749417699212
Nano,scraped_approved_1782573839_103.jpg,MCB,MAINBREAKER,False,0.9119635173636109
Nano,scraped_approved_1782573845_108.jpg,RCD,RCD,True,0.95770991042905
Nano,scraped_approved_1782573845_108.jpg,MCB,MAINBREAKER,False,0.9503486036983294
Nano,scraped_approved_1782573845_108.jpg,RCD,RCD,True,0.986638858494035
Nano,scraped_approved_1782573845_108.jpg,MCB,MAINBREAKER,False,0.9731443690540578
Nano,scraped_approved_1782573845_108.jpg,MCB,MCB,True,0.9669533281449791
Nano,scraped_approved_1782573845_108.jpg,MCB,MCB,True,0.960450028230127
Nano,scraped_approved_1782573845_108.jpg,MCB,MCB,True,0.9715939936016715
Nano,scraped_approved_1782573845_108.jpg,MCB,MCB,True,0.9626025298518951
Nano,scraped_approved_1782573845_108.jpg,MCB,MCB,True,0.9644103617739127
Nano,scraped_approved_1782573845_108.jpg,MCB,MCB,True,0.962481895847427
Nano,scraped_approved_1782573858_119.jpg,MAINBREAKER,OVERSURGE,False,0.9711792554875289
Nano,scraped_approved_1782573858_119.jpg,RCD,RCD,True,0.9671452915928797
Nano,scraped_approved_1782573858_119.jpg,MCB,MCB,True,0.9603299866051243
Nano,scraped_approved_1782573858_119.jpg,MCB,MCB,True,0.9639642269847968
Nano,scraped_approved_1782573858_119.jpg,MCB,MCB,True,0.9579992842789788
Nano,scraped_approved_1782573858_119.jpg,MCB,MCB,True,0.9632014114006076
Nano,scraped_approved_1782573876_131.jpg,RCD,RCD,True,0.9693715960867143
Nano,scraped_approved_1782573876_131.jpg,MCB,MCB,True,0.9678142240237058
Nano,scraped_approved_1782573876_131.jpg,MCB,MCB,True,0.9567362499468766
Nano,scraped_approved_1782573876_131.jpg,MCB,MCB,True,0.9748700023280235
Nano,scraped_approved_1782573942_160.jpg,OVERSURGE,OVERSURGE,True,0.978199163194609
Nano,scraped_approved_1782573942_160.jpg,RCD,RCD,True,0.9773333143037732
Nano,scraped_approved_1782573942_160.jpg,MCB,MCB,True,0.9886562380187061
Nano,scraped_approved_1782573942_160.jpg,MCB,MCB,True,0.538045659613552
Nano,scraped_approved_1782573943_161.jpg,MAINBREAKER,MAINBREAKER,True,0.9850484962094546
Nano,scraped_approved_1782573943_161.jpg,MCB,MCB,True,0.9809915560464597
Nano,scraped_approved_1782573943_161.jpg,MCB,MCB,True,0.9792925792353475
Nano,scraped_approved_1782573943_161.jpg,MCB,RCD,False,0.960189131871333
Nano,scraped_approved_1782573956_172.jpg,MAINBREAKER,MCB,False,0.9741759092710195
Nano,scraped_approved_1782573956_172.jpg,RCD,RCD,True,0.975276701369465
Nano,scraped_approved_1782573956_172.jpg,MCB,MCB,True,0.9417369818903566
Nano,scraped_approved_1782573956_172.jpg,MCB,MCB,True,0.947661026012138
Nano,scraped_approved_1782573956_172.jpg,MCB,MCB,True,0.9645122417232649
Nano,scraped_approved_1782573956_172.jpg,MCB,MCB,True,0.9639611440567877
Nano,scraped_approved_1782573972_181.jpg,MCB,MCB,True,0.9367410596875899
Nano,scraped_approved_1782573972_181.jpg,OTHER,OTHER,True,0.95429311244094
Nano,scraped_approved_1782573972_181.jpg,RCD,RCD,True,0.9744564298378696
Nano,scraped_approved_1782573972_181.jpg,MCB,MCB,True,0.8469566387998334
Nano,scraped_approved_1782573972_181.jpg,MCB,MCB,True,0.9581364550301555
Nano,scraped_approved_1782573995_198.jpg,MCB,MCB,True,0.9664826872307521
Nano,scraped_approved_1782573995_198.jpg,MCB,MCB,True,0.9645215247292693
Nano,scraped_approved_1782573995_198.jpg,RCD,RCD,True,0.9779554159643632
Nano,scraped_approved_1782573995_198.jpg,MCB,MCB,True,0.9812331762051519
Nano,scraped_approved_1782573995_198.jpg,MCB,MCB,True,0.9887679419275685
Nano,scraped_approved_1782573995_198.jpg,MCB,MCB,True,0.991981616016946
Nano,scraped_approved_1782573995_198.jpg,RCD,RCD,True,0.97047620709275
Nano,scraped_approved_1782573995_198.jpg,MCB,MAINBREAKER,False,0.9661008685925118
Nano,scraped_approved_1782573995_198.jpg,MAINBREAKER,MCB,False,0.9660593196420997
Nano,scraped_approved_1782577088_21.jpg,RCD,RCD,True,0.9689818577922772
Nano,scraped_approved_1782577088_21.jpg,MCB,MCB,True,0.5339869798680487
Nano,scraped_approved_1782577088_21.jpg,RCD,RCD,True,0.9246647355367212
Nano,scraped_approved_1782577088_21.jpg,MCB,MCB,True,0.4821433776812791
Nano,scraped_approved_1782577088_21.jpg,RCD,RCD,True,0.9565784377163884
Nano,scraped_approved_1782577088_21.jpg,MCB,RCD,False,0.9666401043795478
Nano,scraped_approved_1782577088_21.jpg,MCB,MCB,True,0.9650041571962797
Nano,scraped_approved_1782577088_21.jpg,MCB,MCB,True,0.9467386958245064
Nano,scraped_approved_1782577088_21.jpg,MCB,MCB,True,0.9794662014600913
Nano,scraped_approved_1782577088_21.jpg,MCB,MCB,True,0.9788174929326884
Nano,scraped_approved_1782577088_21.jpg,MCB,MCB,True,0.9664198348919308
Nano,scraped_approved_1782577088_21.jpg,MCB,MCB,True,0.9668843425150494
Nano,scraped_approved_1782577088_21.jpg,MCB,MCB,True,0.9636712595050952
Nano,scraped_approved_1782577254_80.jpg,OVERSURGE,RCD,False,0.5914913512816763
Nano,scraped_approved_1782577254_80.jpg,RCD,RCD,True,0.9804327650993699
Nano,scraped_approved_1782577254_80.jpg,MCB,MCB,True,0.9606310875744922
Nano,scraped_approved_1782577254_80.jpg,MCB,MCB,True,0.9699464731051983
Nano,scraped_approved_1782577254_80.jpg,MCB,MCB,True,0.9683544906455113
Nano,scraped_approved_1782577254_80.jpg,MCB,MCB,True,0.956545329567803
Nano,scraped_approved_1782577257_81.jpg,RCD,RCD,True,0.9590180661451353
Nano,scraped_approved_1782577257_81.jpg,RCD,RCD,True,0.9227432608152816
Nano,scraped_approved_1782577257_81.jpg,MCB,MCB,True,0.9671513875084758
Nano,scraped_approved_1782577257_81.jpg,MCB,RCD,False,0.8443751768087634
Nano,scraped_approved_1782577257_81.jpg,MCB,MCB,True,0.47194003668433326
Nano,scraped_approved_1782577257_81.jpg,MCB,MCB,True,0.9340352390017584
Nano,scraped_approved_1782577257_81.jpg,MCB,MCB,True,0.9245685376801245
Nano,scraped_approved_1782577257_81.jpg,MCB,MCB,True,0.7753906572855807
Nano,scraped_approved_1782577257_81.jpg,MCB,MCB,True,0.7623092146099361
Nano,scraped_approved_1782577257_81.jpg,MCB,MCB,True,0.9601315159437451
Nano,scraped_approved_1782577257_81.jpg,MCB,MCB,True,0.7744332676236817
Nano,scraped_approved_1782577257_81.jpg,MCB,MCB,True,0.9662852446493698
Nano,scraped_approved_1782577257_81.jpg,MCB,MCB,True,0.8209961042331733
Nano,scraped_approved_1782577257_81.jpg,MCB,MCB,True,0.9391067329934114
Nano,scraped_approved_1782577257_81.jpg,MCB,MCB,True,0.8145686996237161
Nano,scraped_approved_1782577257_81.jpg,MCB,MCB,True,0.9283310083114908
Nano,scraped_approved_1782577257_81.jpg,MCB,MCB,True,0.9397758136683487
Nano,scraped_approved_1782577257_81.jpg,MCB,MCB,True,0.9397131931011464
Nano,SPAIN_07104893-2a8c-4742-a5c1-3589f3423cfa.jpg,MCB,MCB,True,0.9150772641136827
Nano,SPAIN_07104893-2a8c-4742-a5c1-3589f3423cfa.jpg,RCD,RCD,True,0.9182672130846027
Nano,SPAIN_16c18613-b9af-4cca-801e-8a5efc8fba43.jpeg,MAINBREAKER,MAINBREAKER,True,0.8177382732989679
Nano,SPAIN_16c18613-b9af-4cca-801e-8a5efc8fba43.jpeg,MCB,MAINBREAKER,False,0.9119816936096184
Nano,SPAIN_16c18613-b9af-4cca-801e-8a5efc8fba43.jpeg,RCD,RCD,True,0.8956691944744063
Nano,SPAIN_16c18613-b9af-4cca-801e-8a5efc8fba43.jpeg,MCB,MCB,True,0.9358937228354679
Nano,SPAIN_16c18613-b9af-4cca-801e-8a5efc8fba43.jpeg,MCB,MCB,True,0.9353455667210226
Nano,SPAIN_16c18613-b9af-4cca-801e-8a5efc8fba43.jpeg,MCB,MCB,True,0.9390696399731926
Nano,SPAIN_16c18613-b9af-4cca-801e-8a5efc8fba43.jpeg,MCB,MCB,True,0.8531739203448191
Nano,SPAIN_317f73b8-13a9-4617-ad3c-ca5409e4e120.jpeg,MAINBREAKER,MCB,False,0.8370987034251851
Nano,SPAIN_317f73b8-13a9-4617-ad3c-ca5409e4e120.jpeg,RCD,RCD,True,0.8964587448632342
Nano,SPAIN_317f73b8-13a9-4617-ad3c-ca5409e4e120.jpeg,MCB,MCB,True,0.9597367473888996
Nano,SPAIN_317f73b8-13a9-4617-ad3c-ca5409e4e120.jpeg,MCB,MCB,True,0.943302578079673
Nano,SPAIN_317f73b8-13a9-4617-ad3c-ca5409e4e120.jpeg,MCB,MCB,True,0.9291636299941964
Nano,SPAIN_317f73b8-13a9-4617-ad3c-ca5409e4e120.jpeg,MCB,MCB,True,0.9748445789790037
Nano,SPAIN_317f73b8-13a9-4617-ad3c-ca5409e4e120.jpeg,MCB,MCB,True,0.8694357909563686
Nano,SPAIN_3a76f32e-23f3-43c2-86d1-96baf1adfeb5.jpg,MCB,MCB,True,0.9516856568048571
Nano,SPAIN_3a76f32e-23f3-43c2-86d1-96baf1adfeb5.jpg,MCB,MCB,True,0.9410890280970762
Nano,SPAIN_3a76f32e-23f3-43c2-86d1-96baf1adfeb5.jpg,MCB,MCB,True,0.9120739657437609
Nano,SPAIN_3a76f32e-23f3-43c2-86d1-96baf1adfeb5.jpg,MCB,MCB,True,0.47627807661058186
Nano,SPAIN_66e65cb2-f410-4140-86c8-e11439746fc6.jpg,RCD,RCD,True,0.9242627827510038
Nano,SPAIN_66e65cb2-f410-4140-86c8-e11439746fc6.jpg,MAINBREAKER,MCB,False,0.7644235936592253
Nano,SPAIN_66e65cb2-f410-4140-86c8-e11439746fc6.jpg,MCB,MCB,True,0.8801006554253321
Nano,SPAIN_66e65cb2-f410-4140-86c8-e11439746fc6.jpg,MCB,MCB,True,0.8889159992093376
Nano,SPAIN_66e65cb2-f410-4140-86c8-e11439746fc6.jpg,RCD,RCD,True,0.9264256813977032
Nano,SPAIN_66e65cb2-f410-4140-86c8-e11439746fc6.jpg,MCB,MCB,True,0.9518688399262558
Nano,SPAIN_66e65cb2-f410-4140-86c8-e11439746fc6.jpg,MCB,MCB,True,0.9307225825210962
Nano,SPAIN_7fc16587-e475-404b-83aa-7d0b2cb2851f.jpg,MAINBREAKER,MAINBREAKER,True,0.6922806518306807
Nano,SPAIN_7fc16587-e475-404b-83aa-7d0b2cb2851f.jpg,MCB,MCB,True,0.6818477366639352
Nano,SPAIN_7fc16587-e475-404b-83aa-7d0b2cb2851f.jpg,MCB,MCB,True,0.49690286632452796
Nano,SPAIN_7fc16587-e475-404b-83aa-7d0b2cb2851f.jpg,MCB,MCB,True,0.5006287825881977
Nano,SPAIN_8a4d84d3-797f-4cad-9128-975e91e800f3.jpeg,MCB,MAINBREAKER,False,0.8929937899141626
Nano,SPAIN_9880d248-3cae-4e53-bcb1-4bfa52e88853.jpg,RCD,RCD,True,0.8672025654044885
Nano,SPAIN_9880d248-3cae-4e53-bcb1-4bfa52e88853.jpg,RCD,RCD,True,0.8705886154005553
Nano,SPAIN_9880d248-3cae-4e53-bcb1-4bfa52e88853.jpg,MCB,MCB,True,0.9128786976794613
Nano,SPAIN_9880d248-3cae-4e53-bcb1-4bfa52e88853.jpg,MCB,MCB,True,0.9305032886204462
Nano,SPAIN_9880d248-3cae-4e53-bcb1-4bfa52e88853.jpg,OTHER,OTHER,True,0.8345517340847433
Nano,SPAIN_9880d248-3cae-4e53-bcb1-4bfa52e88853.jpg,MCB,MCB,True,0.8904711114318832
Nano,SPAIN_9880d248-3cae-4e53-bcb1-4bfa52e88853.jpg,MCB,MCB,True,0.8809501137829404
Nano,SPAIN_9880d248-3cae-4e53-bcb1-4bfa52e88853.jpg,RCD,RCD,True,0.8755540435718463
Nano,SPAIN_9880d248-3cae-4e53-bcb1-4bfa52e88853.jpg,OTHER,OTHER,True,0.7862516452427121
Nano,SPAIN_9880d248-3cae-4e53-bcb1-4bfa52e88853.jpg,MCB,MCB,True,0.8592779031568665
Nano,SPAIN_9880d248-3cae-4e53-bcb1-4bfa52e88853.jpg,MCB,MCB,True,0.8694353563999779
Nano,SPAIN_9880d248-3cae-4e53-bcb1-4bfa52e88853.jpg,MCB,MCB,True,0.9682575427555316
Nano,SPAIN_9880d248-3cae-4e53-bcb1-4bfa52e88853.jpg,MCB,MCB,True,0.9247800697722846
Nano,SPAIN_9880d248-3cae-4e53-bcb1-4bfa52e88853.jpg,RCD,RCD,True,0.848062424266253
Nano,SPAIN_9880d248-3cae-4e53-bcb1-4bfa52e88853.jpg,OTHER,OTHER,True,0.9275544714617997
Nano,SPAIN_9880d248-3cae-4e53-bcb1-4bfa52e88853.jpg,OTHER,OTHER,True,0.8475564584324715
Nano,SPAIN_9880d248-3cae-4e53-bcb1-4bfa52e88853.jpg,RCD,RCD,True,0.56405961346031
Nano,SPAIN_9880d248-3cae-4e53-bcb1-4bfa52e88853.jpg,MCB,MCB,True,0.9162241708253345
Nano,SPAIN_9880d248-3cae-4e53-bcb1-4bfa52e88853.jpg,OTHER,MCB,False,0.6016798386176024
Nano,SPAIN_9880d248-3cae-4e53-bcb1-4bfa52e88853.jpg,OTHER,OTHER,True,0.8673333816052343
Nano,SPAIN_9880d248-3cae-4e53-bcb1-4bfa52e88853.jpg,OTHER,MCB,False,0.917104666335644
Nano,SPAIN_9880d248-3cae-4e53-bcb1-4bfa52e88853.jpg,MCB,MCB,True,0.8970794646476326
Nano,SPAIN_9880d248-3cae-4e53-bcb1-4bfa52e88853.jpg,OTHER,MCB,False,0.9667889505305604
Nano,SPAIN_9880d248-3cae-4e53-bcb1-4bfa52e88853.jpg,OTHER,OTHER,True,0.8129085243358274
Nano,SPAIN_9880d248-3cae-4e53-bcb1-4bfa52e88853.jpg,OTHER,MCB,False,0.9445204196346764
Nano,SPAIN_9880d248-3cae-4e53-bcb1-4bfa52e88853.jpg,MCB,MCB,True,0.8671695126252089
Nano,SPAIN_9880d248-3cae-4e53-bcb1-4bfa52e88853.jpg,OTHER,RCD,False,0.8319058023995319
Nano,SPAIN_9880d248-3cae-4e53-bcb1-4bfa52e88853.jpg,MCB,MCB,True,0.90903623130931
Nano,SPAIN_9c17e1d2-6f01-4aa0-a286-2b9d0f7279bb.jpg,MAINBREAKER,MAINBREAKER,True,0.9048177629026565
Nano,SPAIN_9c17e1d2-6f01-4aa0-a286-2b9d0f7279bb.jpg,RCD,RCD,True,0.90492749073552
Nano,SPAIN_9c17e1d2-6f01-4aa0-a286-2b9d0f7279bb.jpg,MCB,MCB,True,0.9457938189745568
Nano,SPAIN_9c17e1d2-6f01-4aa0-a286-2b9d0f7279bb.jpg,MCB,MCB,True,0.9293921343092156
Nano,SPAIN_9c17e1d2-6f01-4aa0-a286-2b9d0f7279bb.jpg,MCB,MCB,True,0.8385801159777807
Nano,SPAIN_9c17e1d2-6f01-4aa0-a286-2b9d0f7279bb.jpg,MCB,MCB,True,0.489790073484837
Nano,SPAIN_9c17e1d2-6f01-4aa0-a286-2b9d0f7279bb.jpg,MCB,MCB,True,0.8891663658328394
Nano,SPAIN_a0acdd6f-645c-44b5-be26-006e84bf9930.jpg,OTHER,RCD,False,0.8117958905683244
Nano,SPAIN_a0acdd6f-645c-44b5-be26-006e84bf9930.jpg,MCB,MAINBREAKER,False,0.8359948089253945
Nano,SPAIN_a0acdd6f-645c-44b5-be26-006e84bf9930.jpg,RCD,RCD,True,0.9291204894739091
Nano,SPAIN_a0acdd6f-645c-44b5-be26-006e84bf9930.jpg,MCB,MCB,True,0.8764173210678271
Nano,SPAIN_a0acdd6f-645c-44b5-be26-006e84bf9930.jpg,MCB,MCB,True,0.9468928369491835
Nano,SPAIN_a0acdd6f-645c-44b5-be26-006e84bf9930.jpg,MCB,MCB,True,0.9173884061702491
Nano,SPAIN_a0acdd6f-645c-44b5-be26-006e84bf9930.jpg,MCB,MCB,True,0.9437519632854972
Nano,SPAIN_a0acdd6f-645c-44b5-be26-006e84bf9930.jpg,MCB,MCB,True,0.9274812907647949
Nano,SPAIN_b3207172-17e0-4d2e-8d84-ac6a495d2e68.jpg,MCB,MCB,True,0.9679245024541306
Nano,SPAIN_b3207172-17e0-4d2e-8d84-ac6a495d2e68.jpg,MCB,MCB,True,0.9395534996172936
Nano,SPAIN_b3207172-17e0-4d2e-8d84-ac6a495d2e68.jpg,MCB,MCB,True,0.9207353338999703
Nano,SPAIN_b3207172-17e0-4d2e-8d84-ac6a495d2e68.jpg,RCD,RCD,True,0.8988098168947268
Nano,SPAIN_b3207172-17e0-4d2e-8d84-ac6a495d2e68.jpg,MAINBREAKER,MAINBREAKER,True,0.9572228555573818
Nano,SPAIN_b3207172-17e0-4d2e-8d84-ac6a495d2e68.jpg,MAINBREAKER,MAINBREAKER,True,0.8736991358435379
Nano,SPAIN_c02b9e12-140b-4716-bb3c-d5043c793944.jpg,MCB,MCB,True,0.8852659943897893
Nano,SPAIN_c02b9e12-140b-4716-bb3c-d5043c793944.jpg,MCB,MCB,True,0.9188773756532141
Nano,SPAIN_c02b9e12-140b-4716-bb3c-d5043c793944.jpg,RCD,RCD,True,0.9033145641573284
Nano,SPAIN_de7c30d0-ac9f-4dbd-ae0c-c6de8b525c98.jpeg,MAINBREAKER,MAINBREAKER,True,0.5464831889395587
Nano,SPAIN_de7c30d0-ac9f-4dbd-ae0c-c6de8b525c98.jpeg,RCD,RCD,True,0.9185400149140536
Nano,SPAIN_de7c30d0-ac9f-4dbd-ae0c-c6de8b525c98.jpeg,MCB,MCB,True,0.8837698410034188
Nano,SPAIN_de7c30d0-ac9f-4dbd-ae0c-c6de8b525c98.jpeg,MCB,MCB,True,0.9191837873494753
Medium,98e509e3-8e6d-4b73-af16-04d71804a0fa.jpg,MCB,MAINBREAKER,False,0.9485519536082557
Medium,98e509e3-8e6d-4b73-af16-04d71804a0fa.jpg,RCD,RCD,True,0.8942412457567649
Medium,98e509e3-8e6d-4b73-af16-04d71804a0fa.jpg,RCD,RCD,True,0.8962975131595803
Medium,98e509e3-8e6d-4b73-af16-04d71804a0fa.jpg,MCB,MCB,True,0.8635766875379804
Medium,98e509e3-8e6d-4b73-af16-04d71804a0fa.jpg,MCB,MCB,True,0.7290598119780327
Medium,98e509e3-8e6d-4b73-af16-04d71804a0fa.jpg,RCD,RCD,True,0.8159732261035627
Medium,98e509e3-8e6d-4b73-af16-04d71804a0fa.jpg,OTHER,OTHER,True,0.8946885114706595
Medium,98e509e3-8e6d-4b73-af16-04d71804a0fa.jpg,RCD,RCD,True,0.9518669814873288
Medium,98e509e3-8e6d-4b73-af16-04d71804a0fa.jpg,OTHER,OTHER,True,0.825482121572867
Medium,98e509e3-8e6d-4b73-af16-04d71804a0fa.jpg,RCD,RCD,True,0.8989550426640436
Medium,98e509e3-8e6d-4b73-af16-04d71804a0fa.jpg,MCB,MAINBREAKER,False,0.951620592978114
Medium,98e509e3-8e6d-4b73-af16-04d71804a0fa.jpg,MCB,MAINBREAKER,False,0.9150959230011086
Medium,98e509e3-8e6d-4b73-af16-04d71804a0fa.jpg,MCB,MAINBREAKER,False,0.9426962731615032
Medium,bd224dae-2a2e-4846-b248-b2ac2ea6ade4.jpg,RCD,RCD,True,0.8866990360086602
Medium,bd224dae-2a2e-4846-b248-b2ac2ea6ade4.jpg,MCB,MCB,True,0.9162179595117184
Medium,bd224dae-2a2e-4846-b248-b2ac2ea6ade4.jpg,MCB,MCB,True,0.8680555434098767
Medium,bd224dae-2a2e-4846-b248-b2ac2ea6ade4.jpg,MCB,MCB,True,0.8855967609836436
Medium,bd224dae-2a2e-4846-b248-b2ac2ea6ade4.jpg,MCB,MCB,True,0.8535941099584734
Medium,c14de4ec-f0a8-478f-8f5a-f5995345b265.jpg,RCD,RCD,True,0.9202480488045196
Medium,c14de4ec-f0a8-478f-8f5a-f5995345b265.jpg,OVERSURGE,OVERSURGE,True,0.709452582985952
Medium,c14de4ec-f0a8-478f-8f5a-f5995345b265.jpg,RCD,RCD,True,0.6409168061424915
Medium,c14de4ec-f0a8-478f-8f5a-f5995345b265.jpg,MCB,MCB,True,0.865894008316392
Medium,c14de4ec-f0a8-478f-8f5a-f5995345b265.jpg,MCB,MCB,True,0.8940420292902422
Medium,c14de4ec-f0a8-478f-8f5a-f5995345b265.jpg,MCB,MCB,True,0.9296497507313546
Medium,c14de4ec-f0a8-478f-8f5a-f5995345b265.jpg,RCD,RCD,True,0.8992222948170736
Medium,c14de4ec-f0a8-478f-8f5a-f5995345b265.jpg,MCB,MCB,True,0.8617178535359303
Medium,c14de4ec-f0a8-478f-8f5a-f5995345b265.jpg,MCB,MCB,True,0.921519794829853
Medium,c14de4ec-f0a8-478f-8f5a-f5995345b265.jpg,MCB,MCB,True,0.9201772192374946
Medium,c14de4ec-f0a8-478f-8f5a-f5995345b265.jpg,MCB,MCB,True,0.892376314180733
Medium,c14de4ec-f0a8-478f-8f5a-f5995345b265.jpg,OTHER,OTHER,True,0.9262737210740861
Medium,c14de4ec-f0a8-478f-8f5a-f5995345b265.jpg,MCB,MCB,True,0.9034459621012864
Medium,c14de4ec-f0a8-478f-8f5a-f5995345b265.jpg,MCB,MCB,True,0.9051631896492436
Medium,c14de4ec-f0a8-478f-8f5a-f5995345b265.jpg,RCD,RCD,True,0.8716250649918637
Medium,c14de4ec-f0a8-478f-8f5a-f5995345b265.jpg,MCB,MCB,True,0.9467945861266812
Medium,c14de4ec-f0a8-478f-8f5a-f5995345b265.jpg,MCB,MCB,True,0.9296528030391409
Medium,FRANCE_8609f1fb-0aba-4a22-9038-9dc8faf163df.jpg,RCD,RCD,True,0.8367953907757772
Medium,FRANCE_8609f1fb-0aba-4a22-9038-9dc8faf163df.jpg,RCD,RCD,True,0.9598344932203511
Medium,FRANCE_8609f1fb-0aba-4a22-9038-9dc8faf163df.jpg,MCB,MCB,True,0.921842211323067
Medium,FRANCE_8609f1fb-0aba-4a22-9038-9dc8faf163df.jpg,MCB,MCB,True,0.884515364216715
Medium,FRANCE_8609f1fb-0aba-4a22-9038-9dc8faf163df.jpg,MCB,MCB,True,0.9388166936594325
Medium,FRANCE_8609f1fb-0aba-4a22-9038-9dc8faf163df.jpg,MCB,MCB,True,0.9744554391539328
Medium,FRANCE_8609f1fb-0aba-4a22-9038-9dc8faf163df.jpg,MCB,MCB,True,0.9147551550180033
Medium,FRANCE_8609f1fb-0aba-4a22-9038-9dc8faf163df.jpg,MCB,MCB,True,0.8620299062859647
Medium,FRANCE_8609f1fb-0aba-4a22-9038-9dc8faf163df.jpg,MCB,MCB,True,0.9624885756624256
Medium,FRANCE_8609f1fb-0aba-4a22-9038-9dc8faf163df.jpg,MCB,MCB,True,0.9137313402235115
Medium,FRANCE_8609f1fb-0aba-4a22-9038-9dc8faf163df.jpg,MCB,MCB,True,0.895612897738361
Medium,FRANCE_8609f1fb-0aba-4a22-9038-9dc8faf163df.jpg,MCB,MCB,True,0.9055936068700519
Medium,FRANCE_8609f1fb-0aba-4a22-9038-9dc8faf163df.jpg,MCB,MCB,True,0.8843972081156918
Medium,FRANCE_8609f1fb-0aba-4a22-9038-9dc8faf163df.jpg,MCB,MCB,True,0.8277770995779619
Medium,scraped_approved_1782573680_1.jpg,RCD,MCB,False,0.6666874455022976
Medium,scraped_approved_1782573680_1.jpg,RCD,MCB,False,0.6679648088589779
Medium,scraped_approved_1782573680_1.jpg,MAINBREAKER,RCD,False,0.657030847105176
Medium,scraped_approved_1782573680_1.jpg,RCD,MCB,False,0.7218797437842075
Medium,scraped_approved_1782573680_1.jpg,MAINBREAKER,RCD,False,0.6774497958156063
Medium,scraped_approved_1782573680_1.jpg,RCD,MCB,False,0.6970269244617214
Medium,scraped_approved_1782573680_1.jpg,MAINBREAKER,RCD,False,0.679399027619592
Medium,scraped_approved_1782573680_1.jpg,RCD,MCB,False,0.6961122041909249
Medium,scraped_approved_1782573680_1.jpg,MAINBREAKER,RCD,False,0.6720163706246378
Medium,scraped_approved_1782573680_1.jpg,RCD,MCB,False,0.7133396058801946
Medium,scraped_approved_1782573680_1.jpg,MAINBREAKER,RCD,False,0.6427437562852185
Medium,scraped_approved_1782573680_1.jpg,MAINBREAKER,RCD,False,0.6748710861972615
Medium,scraped_approved_1782573685_4.jpg,RCD_SI,RCD,False,0.9139074503010681
Medium,scraped_approved_1782573685_4.jpg,MAINBREAKER,RCD,False,0.8840922084565812
Medium,scraped_approved_1782573685_4.jpg,RCD,MCB,False,0.8595752525502889
Medium,scraped_approved_1782573685_4.jpg,RCD,MCB,False,0.9068635483430509
Medium,scraped_approved_1782573685_4.jpg,RCD,MCB,False,0.8757761363255133
Medium,scraped_approved_1782573685_4.jpg,RCD,MCB,False,0.9125170552350693
Medium,scraped_approved_1782573685_4.jpg,RCD,MCB,False,0.8500990143265246
Medium,scraped_approved_1782573693_6.png,MCB,MCB,True,0.5821849080743152
Medium,scraped_approved_1782573693_6.png,MAINBREAKER,RCD,False,0.5587922878012099
Medium,scraped_approved_1782573693_6.png,RCD,MCB,False,0.5953985863020496
Medium,scraped_approved_1782573693_6.png,RCD,MCB,False,0.6237109502025668
Medium,scraped_approved_1782573693_6.png,RCD,MCB,False,0.6000619130432012
Medium,scraped_approved_1782573719_15.jpg,MCB,MAINBREAKER,False,0.899086568268868
Medium,scraped_approved_1782573719_15.jpg,MAINBREAKER,RCD,False,0.8847596967427459
Medium,scraped_approved_1782573719_15.jpg,RCD,MCB,False,0.9154852095156986
Medium,scraped_approved_1782573719_15.jpg,RCD,MCB,False,0.9167736996844575
Medium,scraped_approved_1782573719_15.jpg,RCD,MCB,False,0.8756614285335473
Medium,scraped_approved_1782573719_15.jpg,RCD,MCB,False,0.8791019361523755
Medium,scraped_approved_1782573719_15.jpg,RCD,MCB,False,0.879118606482714
Medium,scraped_approved_1782573719_15.jpg,RCD,MCB,False,0.788336401300363
Medium,scraped_approved_1782573719_15.jpg,RCD,MCB,False,0.8683620962838644
Medium,scraped_approved_1782573719_15.jpg,RCD,MCB,False,0.7836414242440356
Medium,scraped_approved_1782573725_19.jpg,MCB,MAINBREAKER,False,0.8296526272380799
Medium,scraped_approved_1782573725_19.jpg,MCB,MCB,True,0.837778658526532
Medium,scraped_approved_1782573725_19.jpg,MAINBREAKER,RCD,False,0.9275528091481051
Medium,scraped_approved_1782573725_19.jpg,RCD,MCB,False,0.9152865366769978
Medium,scraped_approved_1782573725_19.jpg,RCD,MCB,False,0.805431937462094
Medium,scraped_approved_1782573725_19.jpg,MAINBREAKER,RCD,False,0.9040641287603796
Medium,scraped_approved_1782573725_19.jpg,RCD,MCB,False,0.9364025686131807
Medium,scraped_approved_1782573725_19.jpg,RCD,MCB,False,0.882334792245486
Medium,scraped_approved_1782573725_19.jpg,RCD,MCB,False,0.8958701096118092
Medium,scraped_approved_1782573726_20.jpg,MCB,MAINBREAKER,False,0.7368049066706552
Medium,scraped_approved_1782573726_20.jpg,RCD,MCB,False,0.86896298329362
Medium,scraped_approved_1782573726_20.jpg,MCB,MAINBREAKER,False,0.851976072292733
Medium,scraped_approved_1782573726_20.jpg,RCD,MCB,False,0.8551961803679907
Medium,scraped_approved_1782573726_20.jpg,MAINBREAKER,RCD,False,0.861207515862762
Medium,scraped_approved_1782573726_20.jpg,RCD,MCB,False,0.825749605499437
Medium,scraped_approved_1782573726_20.jpg,RCD,MCB,False,0.9012845338134216
Medium,scraped_approved_1782573726_20.jpg,RCD,MCB,False,0.848227332008994
Medium,scraped_approved_1782573726_20.jpg,RCD,MCB,False,0.8805902604176106
Medium,scraped_approved_1782573726_20.jpg,RCD,MCB,False,0.9024869134041087
Medium,scraped_approved_1782573732_25.jpg,MAINBREAKER,MAINBREAKER,True,0.9263461108470098
Medium,scraped_approved_1782573732_25.jpg,MAINBREAKER,MCB,False,0.9434709168420372
Medium,scraped_approved_1782573732_25.jpg,MCB,MAINBREAKER,False,0.4980355947687579
Medium,scraped_approved_1782573732_25.jpg,RCD,RCD,True,0.9597260820824285
Medium,scraped_approved_1782573732_25.jpg,MCB,MCB,True,0.8577782735744485
Medium,scraped_approved_1782573732_25.jpg,MCB,RCD,False,0.9557675247049042
Medium,scraped_approved_1782573732_25.jpg,MCB,MCB,True,0.924702631342397
Medium,scraped_approved_1782573732_25.jpg,MCB,MCB,True,0.9520066335920818
Medium,scraped_approved_1782573732_25.jpg,MCB,MCB,True,0.9338208892594222
Medium,scraped_approved_1782573732_25.jpg,MCB,MCB,True,0.9390148470241779
Medium,scraped_approved_1782573732_25.jpg,MCB,MCB,True,0.9705640194385802
Medium,scraped_approved_1782573735_27.jpg,MAINBREAKER,MCB,False,0.9288969583808931
Medium,scraped_approved_1782573735_27.jpg,RCD,RCD,True,0.9219020019572162
Medium,scraped_approved_1782573735_27.jpg,MCB,RCD,False,0.9720570880540281
Medium,scraped_approved_1782573735_27.jpg,MCB,RCD,False,0.9198141880679543
Medium,scraped_approved_1782573735_27.jpg,MCB,RCD,False,0.9501176755659106
Medium,scraped_approved_1782573735_27.jpg,MCB,RCD,False,0.9412081101651781
Medium,scraped_approved_1782573735_27.jpg,MCB,RCD,False,0.9625078218735384
Medium,scraped_approved_1782573741_30.jpg,MCB,RCD,False,0.5023514078649747
Medium,scraped_approved_1782573741_30.jpg,MCB,RCD,False,0.6956261625540123
Medium,scraped_approved_1782573741_30.jpg,MCB,RCD,False,0.8878516796938625
Medium,scraped_approved_1782573748_32.jpg,RCD,RCD,True,0.9579177503370326
Medium,scraped_approved_1782573748_32.jpg,MAINBREAKER,MCB,False,0.9398459536791751
Medium,scraped_approved_1782573748_32.jpg,MCB,MCB,True,0.9526634564475549
Medium,scraped_approved_1782573748_32.jpg,RCD,RCD,True,0.9488641248259791
Medium,scraped_approved_1782573748_32.jpg,MCB,MCB,True,0.9739096132600702
Medium,scraped_approved_1782573748_32.jpg,MCB,RCD,False,0.9603090721600999
Medium,scraped_approved_1782573748_32.jpg,RCD,RCD,True,0.9694837721702776
Medium,scraped_approved_1782573748_32.jpg,MCB,MCB,True,0.9453249827154625
Medium,scraped_approved_1782573748_32.jpg,MCB,MCB,True,0.9424907744417307
Medium,scraped_approved_1782573748_32.jpg,MCB,MCB,True,0.9772983215941906
Medium,scraped_approved_1782573748_32.jpg,MCB,MCB,True,0.9291538232228448
Medium,scraped_approved_1782573748_32.jpg,MCB,MCB,True,0.9907307081761274
Medium,scraped_approved_1782573748_32.jpg,RCD,MCB,False,0.9637489304631613
Medium,scraped_approved_1782573748_32.jpg,MCB,MCB,True,0.9681067660716389
Medium,scraped_approved_1782573748_32.jpg,MAINBREAKER,RCD,False,0.9717331564960212
Medium,scraped_approved_1782573751_35.jpg,MAINBREAKER,MCB,False,0.8897597445718225
Medium,scraped_approved_1782573751_35.jpg,MCB,MCB,True,0.9426991387243886
Medium,scraped_approved_1782573751_35.jpg,MCB,MCB,True,0.9491675562602812
Medium,scraped_approved_1782573751_35.jpg,MCB,MCB,True,0.9689494753404863
Medium,scraped_approved_1782573751_35.jpg,RCD,RCD,True,0.9381531151596575
Medium,scraped_approved_1782573751_35.jpg,MAINBREAKER,MCB,False,0.8839557257943228
Medium,scraped_approved_1782573751_35.jpg,MAINBREAKER,MAINBREAKER,True,0.9486744277366796
Medium,scraped_approved_1782573804_73.jpg,MCB,MCB,True,0.9562711087792382
Medium,scraped_approved_1782573804_73.jpg,RCD,RCD,True,0.9824992782164677
Medium,scraped_approved_1782573804_73.jpg,MCB,MCB,True,0.9625988538707132
Medium,scraped_approved_1782573804_73.jpg,MCB,MCB,True,0.9627466188934605
Medium,scraped_approved_1782573804_73.jpg,MCB,MCB,True,0.9627728153656854
Medium,scraped_approved_1782573804_73.jpg,MCB,MCB,True,0.965016025856958
Medium,scraped_approved_1782573804_73.jpg,MCB,MCB,True,0.9571048943136814
Medium,scraped_approved_1782573804_73.jpg,MCB,MCB,True,0.9538359116915424
Medium,scraped_approved_1782573804_73.jpg,MCB,MCB,True,0.8982242241912531
Medium,scraped_approved_1782573839_103.jpg,RCD,RCD,True,0.9341093105810268
Medium,scraped_approved_1782573839_103.jpg,MCB,MCB,True,0.9273094855231898
Medium,scraped_approved_1782573839_103.jpg,MCB,MCB,True,0.9379833098471313
Medium,scraped_approved_1782573839_103.jpg,MCB,MCB,True,0.9123466955196907
Medium,scraped_approved_1782573839_103.jpg,MCB,MCB,True,0.8968999566560867
Medium,scraped_approved_1782573845_108.jpg,MCB,MAINBREAKER,False,0.9221930318343702
Medium,scraped_approved_1782573845_108.jpg,RCD,RCD,True,0.9628428550204003
Medium,scraped_approved_1782573845_108.jpg,MCB,MCB,True,0.9594984587879356
Medium,scraped_approved_1782573845_108.jpg,MCB,MCB,True,0.9679681772535615
Medium,scraped_approved_1782573845_108.jpg,MCB,MCB,True,0.9232981424781956
Medium,scraped_approved_1782573845_108.jpg,MCB,MCB,True,0.9589772882243962
Medium,scraped_approved_1782573845_108.jpg,MCB,MCB,True,0.9614609758477606
Medium,scraped_approved_1782573845_108.jpg,MCB,MCB,True,0.9554063560001183
Medium,scraped_approved_1782573845_108.jpg,MCB,MCB,True,0.9476975201141714
Medium,scraped_approved_1782573858_119.jpg,MAINBREAKER,MAINBREAKER,True,0.9365194328566806
Medium,scraped_approved_1782573858_119.jpg,RCD,RCD,True,0.954472964403366
Medium,scraped_approved_1782573858_119.jpg,MCB,MCB,True,0.9594795508857173
Medium,scraped_approved_1782573858_119.jpg,MCB,MCB,True,0.9453259965739365
Medium,scraped_approved_1782573858_119.jpg,MCB,MCB,True,0.9448222213709742
Medium,scraped_approved_1782573858_119.jpg,MCB,MCB,True,0.9060715959225757
Medium,scraped_approved_1782573876_131.jpg,RCD,RCD,True,0.9537003224262988
Medium,scraped_approved_1782573876_131.jpg,MCB,MCB,True,0.9315308255023902
Medium,scraped_approved_1782573876_131.jpg,MCB,MCB,True,0.8465082525078238
Medium,scraped_approved_1782573876_131.jpg,MCB,MCB,True,0.8518374406831721
Medium,scraped_approved_1782573942_160.jpg,OVERSURGE,MAINBREAKER,False,0.959414445166508
Medium,scraped_approved_1782573942_160.jpg,RCD,RCD,True,0.9629736521653124
Medium,scraped_approved_1782573942_160.jpg,MCB,MCB,True,0.9676824768417295
Medium,scraped_approved_1782573942_160.jpg,MCB,MCB,True,0.5533871034053032
Medium,scraped_approved_1782573942_160.jpg,MCB,MCB,True,0.5511451955258017
Medium,scraped_approved_1782573943_161.jpg,MAINBREAKER,MCB,False,0.9263200432943891
Medium,scraped_approved_1782573943_161.jpg,MCB,MCB,True,0.9385924223915837
Medium,scraped_approved_1782573943_161.jpg,MCB,MCB,True,0.9425662698878415
Medium,scraped_approved_1782573943_161.jpg,MCB,RCD,False,0.6217274126748583
Medium,scraped_approved_1782573956_172.jpg,MAINBREAKER,MAINBREAKER,True,0.9260948045495117
Medium,scraped_approved_1782573956_172.jpg,RCD,RCD,True,0.8917187104928277
Medium,scraped_approved_1782573956_172.jpg,MCB,MCB,True,0.9271432564352847
Medium,scraped_approved_1782573956_172.jpg,MCB,MCB,True,0.9401971669780416
Medium,scraped_approved_1782573956_172.jpg,MCB,MCB,True,0.9135705881200648
Medium,scraped_approved_1782573956_172.jpg,MCB,MCB,True,0.9238071836235583
Medium,scraped_approved_1782573956_172.jpg,MCB,MCB,True,0.9146561490289762
Medium,scraped_approved_1782573972_181.jpg,MCB,MAINBREAKER,False,0.9113960529412729
Medium,scraped_approved_1782573972_181.jpg,OTHER,OTHER,True,0.6291346069335965
Medium,scraped_approved_1782573972_181.jpg,RCD,RCD,True,0.954982357257672
Medium,scraped_approved_1782573972_181.jpg,MCB,MCB,True,0.920176997679431
Medium,scraped_approved_1782573972_181.jpg,MCB,MCB,True,0.9663207894332472
Medium,scraped_approved_1782573995_198.jpg,MCB,MCB,True,0.9062492465652487
Medium,scraped_approved_1782573995_198.jpg,MCB,MCB,True,0.9092000054714758
Medium,scraped_approved_1782573995_198.jpg,RCD,RCD,True,0.9775028603562106
Medium,scraped_approved_1782573995_198.jpg,MCB,MCB,True,0.9342860904380815
Medium,scraped_approved_1782573995_198.jpg,MCB,MCB,True,0.9499109190540498
Medium,scraped_approved_1782573995_198.jpg,MCB,MCB,True,0.9629568007105778
Medium,scraped_approved_1782573995_198.jpg,RCD,RCD,True,0.987739220467294
Medium,scraped_approved_1782573995_198.jpg,MAINBREAKER,MCB,False,0.9654046932823148
Medium,scraped_approved_1782573995_198.jpg,MCB,RCD,False,0.984777796994007
Medium,scraped_approved_1782577088_21.jpg,RCD,RCD,True,0.9404279040825795
Medium,scraped_approved_1782577088_21.jpg,MCB,MCB,True,0.5208125973210421
Medium,scraped_approved_1782577088_21.jpg,MCB,MCB,True,0.4833738485193443
Medium,scraped_approved_1782577088_21.jpg,RCD,RCD,True,0.9298581723045766
Medium,scraped_approved_1782577088_21.jpg,RCD,RCD,True,0.9517712038632861
Medium,scraped_approved_1782577088_21.jpg,MCB,MCB,True,0.9435772042128409
Medium,scraped_approved_1782577088_21.jpg,MCB,MCB,True,0.9840290177045306
Medium,scraped_approved_1782577088_21.jpg,MCB,MCB,True,0.9141146739314358
Medium,scraped_approved_1782577088_21.jpg,MCB,MCB,True,0.9247883123113454
Medium,scraped_approved_1782577088_21.jpg,MCB,MCB,True,0.955139172625704
Medium,scraped_approved_1782577088_21.jpg,MCB,MCB,True,0.9327820322618215
Medium,scraped_approved_1782577088_21.jpg,MCB,MCB,True,0.925249223367381
Medium,scraped_approved_1782577254_80.jpg,RCD,RCD,True,0.9654104092585803
Medium,scraped_approved_1782577254_80.jpg,MCB,MCB,True,0.9633561478694573
Medium,scraped_approved_1782577254_80.jpg,MCB,MCB,True,0.9451751181787215
Medium,scraped_approved_1782577254_80.jpg,MCB,MCB,True,0.9595833114935107
Medium,scraped_approved_1782577254_80.jpg,MCB,MCB,True,0.901716143329178
Medium,scraped_approved_1782577257_81.jpg,RCD,RCD,True,0.9693658960251339
Medium,scraped_approved_1782577257_81.jpg,MCB,MCB,True,0.9416873892396382
Medium,scraped_approved_1782577257_81.jpg,MCB,MCB,True,0.9032215984950778
Medium,scraped_approved_1782577257_81.jpg,MCB,MCB,True,0.9344597782115628
Medium,scraped_approved_1782577257_81.jpg,MCB,MCB,True,0.9022472026580954
Medium,scraped_approved_1782577257_81.jpg,MCB,MCB,True,0.9244052273540425
Medium,scraped_approved_1782577257_81.jpg,MCB,MCB,True,0.9426286480165283
Medium,scraped_approved_1782577257_81.jpg,MCB,MCB,True,0.9162423634359614
Medium,scraped_approved_1782577257_81.jpg,MCB,MCB,True,0.9578569839826975
Medium,scraped_approved_1782577257_81.jpg,MCB,MCB,True,0.9023939713466052
Medium,scraped_approved_1782577257_81.jpg,MCB,MCB,True,0.9826914521244005
Medium,scraped_approved_1782577257_81.jpg,MCB,MCB,True,0.9048522508292693
Medium,scraped_approved_1782577257_81.jpg,MCB,MCB,True,0.9261897180417535
Medium,scraped_approved_1782577257_81.jpg,MCB,MCB,True,0.8760139691016342
Medium,scraped_approved_1782577257_81.jpg,MCB,MCB,True,0.9063853223013004
Medium,scraped_approved_1782577257_81.jpg,MCB,MCB,True,0.8747627650707279
Medium,SPAIN_07104893-2a8c-4742-a5c1-3589f3423cfa.jpg,MCB,MCB,True,0.9377025964462042
Medium,SPAIN_07104893-2a8c-4742-a5c1-3589f3423cfa.jpg,RCD,RCD,True,0.9102381787479863
Medium,SPAIN_16c18613-b9af-4cca-801e-8a5efc8fba43.jpeg,MAINBREAKER,MAINBREAKER,True,0.8441619218140269
Medium,SPAIN_16c18613-b9af-4cca-801e-8a5efc8fba43.jpeg,MCB,MAINBREAKER,False,0.8816145000749603
Medium,SPAIN_16c18613-b9af-4cca-801e-8a5efc8fba43.jpeg,RCD,RCD,True,0.9256351112326234
Medium,SPAIN_16c18613-b9af-4cca-801e-8a5efc8fba43.jpeg,MCB,MCB,True,0.9280431750226462
Medium,SPAIN_16c18613-b9af-4cca-801e-8a5efc8fba43.jpeg,MCB,MCB,True,0.9539493602440781
Medium,SPAIN_16c18613-b9af-4cca-801e-8a5efc8fba43.jpeg,MCB,MCB,True,0.9388831367304976
Medium,SPAIN_16c18613-b9af-4cca-801e-8a5efc8fba43.jpeg,MCB,MCB,True,0.8712211347172475
Medium,SPAIN_317f73b8-13a9-4617-ad3c-ca5409e4e120.jpeg,MAINBREAKER,MAINBREAKER,True,0.8392916652903818
Medium,SPAIN_317f73b8-13a9-4617-ad3c-ca5409e4e120.jpeg,RCD,RCD,True,0.9202942818988455
Medium,SPAIN_317f73b8-13a9-4617-ad3c-ca5409e4e120.jpeg,MCB,MCB,True,0.957877786321765
Medium,SPAIN_317f73b8-13a9-4617-ad3c-ca5409e4e120.jpeg,MCB,MCB,True,0.949762720444759
Medium,SPAIN_317f73b8-13a9-4617-ad3c-ca5409e4e120.jpeg,MCB,MCB,True,0.9217597742114357
Medium,SPAIN_317f73b8-13a9-4617-ad3c-ca5409e4e120.jpeg,MCB,MCB,True,0.9584324376058063
Medium,SPAIN_317f73b8-13a9-4617-ad3c-ca5409e4e120.jpeg,MCB,MCB,True,0.8966207084939096
Medium,SPAIN_3a76f32e-23f3-43c2-86d1-96baf1adfeb5.jpg,MCB,RCD,False,0.8972432854305509
Medium,SPAIN_3a76f32e-23f3-43c2-86d1-96baf1adfeb5.jpg,MCB,MCB,True,0.9003980634848084
Medium,SPAIN_3a76f32e-23f3-43c2-86d1-96baf1adfeb5.jpg,MCB,MCB,True,0.916213408383582
Medium,SPAIN_3a76f32e-23f3-43c2-86d1-96baf1adfeb5.jpg,MCB,MCB,True,0.8731224866929241
Medium,SPAIN_66e65cb2-f410-4140-86c8-e11439746fc6.jpg,RCD,RCD,True,0.8968363708302673
Medium,SPAIN_66e65cb2-f410-4140-86c8-e11439746fc6.jpg,MAINBREAKER,MCB,False,0.8853815169325759
Medium,SPAIN_66e65cb2-f410-4140-86c8-e11439746fc6.jpg,MCB,MCB,True,0.866990760380818
Medium,SPAIN_66e65cb2-f410-4140-86c8-e11439746fc6.jpg,MCB,MCB,True,0.9034992450632462
Medium,SPAIN_66e65cb2-f410-4140-86c8-e11439746fc6.jpg,RCD,RCD,True,0.9460321453969054
Medium,SPAIN_66e65cb2-f410-4140-86c8-e11439746fc6.jpg,MCB,MCB,True,0.9590527972791865
Medium,SPAIN_66e65cb2-f410-4140-86c8-e11439746fc6.jpg,MCB,MCB,True,0.899140725737135
Medium,SPAIN_7fc16587-e475-404b-83aa-7d0b2cb2851f.jpg,MAINBREAKER,MCB,False,0.7747799425609927
Medium,SPAIN_7fc16587-e475-404b-83aa-7d0b2cb2851f.jpg,MCB,MCB,True,0.4303946970714795
Medium,SPAIN_7fc16587-e475-404b-83aa-7d0b2cb2851f.jpg,MCB,MCB,True,0.41607127394065285
Medium,SPAIN_8a4d84d3-797f-4cad-9128-975e91e800f3.jpeg,MCB,MAINBREAKER,False,0.8872631702374661
Medium,SPAIN_9880d248-3cae-4e53-bcb1-4bfa52e88853.jpg,MAINBREAKER,MAINBREAKER,True,0.9211377052456405
Medium,SPAIN_9880d248-3cae-4e53-bcb1-4bfa52e88853.jpg,RCD,RCD,True,0.9510273627882098
Medium,SPAIN_9880d248-3cae-4e53-bcb1-4bfa52e88853.jpg,RCD,RCD,True,0.8840902466843302
Medium,SPAIN_9880d248-3cae-4e53-bcb1-4bfa52e88853.jpg,MCB,MCB,True,0.9114702383560344
Medium,SPAIN_9880d248-3cae-4e53-bcb1-4bfa52e88853.jpg,MCB,MCB,True,0.9453391876463256
Medium,SPAIN_9880d248-3cae-4e53-bcb1-4bfa52e88853.jpg,OTHER,OTHER,True,0.8713060676668414
Medium,SPAIN_9880d248-3cae-4e53-bcb1-4bfa52e88853.jpg,MCB,MCB,True,0.8774560949536737
Medium,SPAIN_9880d248-3cae-4e53-bcb1-4bfa52e88853.jpg,MCB,MCB,True,0.895458913248067
Medium,SPAIN_9880d248-3cae-4e53-bcb1-4bfa52e88853.jpg,RCD,RCD,True,0.8812493049427832
Medium,SPAIN_9880d248-3cae-4e53-bcb1-4bfa52e88853.jpg,OTHER,OTHER,True,0.809468671147379
Medium,SPAIN_9880d248-3cae-4e53-bcb1-4bfa52e88853.jpg,MCB,MCB,True,0.8718231863996143
Medium,SPAIN_9880d248-3cae-4e53-bcb1-4bfa52e88853.jpg,MCB,MCB,True,0.8658094498011832
Medium,SPAIN_9880d248-3cae-4e53-bcb1-4bfa52e88853.jpg,MCB,MCB,True,0.9457649723816374
Medium,SPAIN_9880d248-3cae-4e53-bcb1-4bfa52e88853.jpg,MCB,MCB,True,0.9306786371364201
Medium,SPAIN_9880d248-3cae-4e53-bcb1-4bfa52e88853.jpg,RCD,RCD,True,0.917288292458472
Medium,SPAIN_9880d248-3cae-4e53-bcb1-4bfa52e88853.jpg,OTHER,OTHER,True,0.8693906384791742
Medium,SPAIN_9880d248-3cae-4e53-bcb1-4bfa52e88853.jpg,OTHER,MCB,False,0.4263496038238514
Medium,SPAIN_9880d248-3cae-4e53-bcb1-4bfa52e88853.jpg,RCD,RCD,True,0.8190127472407153
Medium,SPAIN_9880d248-3cae-4e53-bcb1-4bfa52e88853.jpg,MCB,MCB,True,0.9078472853334536
Medium,SPAIN_9880d248-3cae-4e53-bcb1-4bfa52e88853.jpg,OTHER,MCB,False,0.6234863465383413
Medium,SPAIN_9880d248-3cae-4e53-bcb1-4bfa52e88853.jpg,OTHER,OTHER,True,0.8887000671505271
Medium,SPAIN_9880d248-3cae-4e53-bcb1-4bfa52e88853.jpg,OTHER,RCD,False,0.9319130505662777
Medium,SPAIN_9880d248-3cae-4e53-bcb1-4bfa52e88853.jpg,MCB,MCB,True,0.9337768090259438
Medium,SPAIN_9880d248-3cae-4e53-bcb1-4bfa52e88853.jpg,OTHER,OTHER,True,0.8217595301342626
Medium,SPAIN_9880d248-3cae-4e53-bcb1-4bfa52e88853.jpg,OTHER,MCB,False,0.6209001879734555
Medium,SPAIN_9880d248-3cae-4e53-bcb1-4bfa52e88853.jpg,MCB,MCB,True,0.856292005447628
Medium,SPAIN_9880d248-3cae-4e53-bcb1-4bfa52e88853.jpg,OTHER,MCB,False,0.49670233172102374
Medium,SPAIN_9880d248-3cae-4e53-bcb1-4bfa52e88853.jpg,OTHER,RCD,False,0.8949268640677179
Medium,SPAIN_9880d248-3cae-4e53-bcb1-4bfa52e88853.jpg,OTHER,OTHER,True,0.4996299886500791
Medium,SPAIN_9880d248-3cae-4e53-bcb1-4bfa52e88853.jpg,MCB,MCB,True,0.8985664754083735
Medium,SPAIN_9c17e1d2-6f01-4aa0-a286-2b9d0f7279bb.jpg,MAINBREAKER,MAINBREAKER,True,0.8328538117317734
Medium,SPAIN_9c17e1d2-6f01-4aa0-a286-2b9d0f7279bb.jpg,RCD,RCD,True,0.9084568497101907
Medium,SPAIN_9c17e1d2-6f01-4aa0-a286-2b9d0f7279bb.jpg,MCB,MCB,True,0.9548123727831657
Medium,SPAIN_9c17e1d2-6f01-4aa0-a286-2b9d0f7279bb.jpg,MCB,MCB,True,0.9454360309589461
Medium,SPAIN_9c17e1d2-6f01-4aa0-a286-2b9d0f7279bb.jpg,MCB,MCB,True,0.8246810217413975
Medium,SPAIN_9c17e1d2-6f01-4aa0-a286-2b9d0f7279bb.jpg,MCB,MCB,True,0.5047152852678908
Medium,SPAIN_9c17e1d2-6f01-4aa0-a286-2b9d0f7279bb.jpg,MCB,MCB,True,0.8529606393808514
Medium,SPAIN_a0acdd6f-645c-44b5-be26-006e84bf9930.jpg,OTHER,OTHER,True,0.8439369277449994
Medium,SPAIN_a0acdd6f-645c-44b5-be26-006e84bf9930.jpg,MCB,MAINBREAKER,False,0.8232220568765907
Medium,SPAIN_a0acdd6f-645c-44b5-be26-006e84bf9930.jpg,RCD,RCD,True,0.9151076991765911
Medium,SPAIN_a0acdd6f-645c-44b5-be26-006e84bf9930.jpg,MCB,MCB,True,0.8602686922375911
Medium,SPAIN_a0acdd6f-645c-44b5-be26-006e84bf9930.jpg,MCB,MCB,True,0.9429338707771545
Medium,SPAIN_a0acdd6f-645c-44b5-be26-006e84bf9930.jpg,MCB,MCB,True,0.9083078073180637
Medium,SPAIN_a0acdd6f-645c-44b5-be26-006e84bf9930.jpg,MCB,MCB,True,0.9367291178276901
Medium,SPAIN_a0acdd6f-645c-44b5-be26-006e84bf9930.jpg,MCB,MCB,True,0.9249031432832324
Medium,SPAIN_b3207172-17e0-4d2e-8d84-ac6a495d2e68.jpg,MCB,MCB,True,0.9625524594723348
Medium,SPAIN_b3207172-17e0-4d2e-8d84-ac6a495d2e68.jpg,MCB,MCB,True,0.9277388382610227
Medium,SPAIN_b3207172-17e0-4d2e-8d84-ac6a495d2e68.jpg,MCB,MCB,True,0.9446264639612624
Medium,SPAIN_b3207172-17e0-4d2e-8d84-ac6a495d2e68.jpg,RCD,RCD,True,0.9286878508941161
Medium,SPAIN_b3207172-17e0-4d2e-8d84-ac6a495d2e68.jpg,MAINBREAKER,MAINBREAKER,True,0.942480329787631
Medium,SPAIN_b3207172-17e0-4d2e-8d84-ac6a495d2e68.jpg,MAINBREAKER,MAINBREAKER,True,0.8452439275519923
Medium,SPAIN_c02b9e12-140b-4716-bb3c-d5043c793944.jpg,MCB,MCB,True,0.7839368970011653
Medium,SPAIN_c02b9e12-140b-4716-bb3c-d5043c793944.jpg,MCB,MCB,True,0.9239356396346385
Medium,SPAIN_c02b9e12-140b-4716-bb3c-d5043c793944.jpg,RCD,RCD,True,0.8886862303963381
Medium,SPAIN_de7c30d0-ac9f-4dbd-ae0c-c6de8b525c98.jpeg,MAINBREAKER,MAINBREAKER,True,0.7762383469455849
Medium,SPAIN_de7c30d0-ac9f-4dbd-ae0c-c6de8b525c98.jpeg,RCD,RCD,True,0.8599361783769714
Medium,SPAIN_de7c30d0-ac9f-4dbd-ae0c-c6de8b525c98.jpeg,MCB,MCB,True,0.909951635661051
Medium,SPAIN_de7c30d0-ac9f-4dbd-ae0c-c6de8b525c98.jpeg,MCB,MCB,True,0.8994332076272579
Large,98e509e3-8e6d-4b73-af16-04d71804a0fa.jpg,MCB,MCB,True,0.9505690731648049
Large,98e509e3-8e6d-4b73-af16-04d71804a0fa.jpg,RCD,RCD,True,0.8869454619342882
Large,98e509e3-8e6d-4b73-af16-04d71804a0fa.jpg,MAINBREAKER,MCB,False,0.486803306518853
Large,98e509e3-8e6d-4b73-af16-04d71804a0fa.jpg,RCD,RCD,True,0.8759993777229381
Large,98e509e3-8e6d-4b73-af16-04d71804a0fa.jpg,MCB,MCB,True,0.8056934546384436
Large,98e509e3-8e6d-4b73-af16-04d71804a0fa.jpg,MCB,MCB,True,0.8777580728218733
Large,98e509e3-8e6d-4b73-af16-04d71804a0fa.jpg,RCD,RCD,True,0.8462054382605905
Large,98e509e3-8e6d-4b73-af16-04d71804a0fa.jpg,OTHER,OTHER,True,0.8911183026346503
Large,98e509e3-8e6d-4b73-af16-04d71804a0fa.jpg,RCD,RCD,True,0.941335991929911
Large,98e509e3-8e6d-4b73-af16-04d71804a0fa.jpg,OTHER,OTHER,True,0.8394812245381575
Large,98e509e3-8e6d-4b73-af16-04d71804a0fa.jpg,RCD,RCD,True,0.8667327281556789
Large,98e509e3-8e6d-4b73-af16-04d71804a0fa.jpg,MCB,MCB,True,0.9031571972325915
Large,98e509e3-8e6d-4b73-af16-04d71804a0fa.jpg,MCB,MAINBREAKER,False,0.8419301050404355
Large,98e509e3-8e6d-4b73-af16-04d71804a0fa.jpg,MCB,MAINBREAKER,False,0.9353218429924622
Large,bd224dae-2a2e-4846-b248-b2ac2ea6ade4.jpg,MAINBREAKER,MCB,False,0.8871370396614033
Large,bd224dae-2a2e-4846-b248-b2ac2ea6ade4.jpg,RCD,RCD,True,0.8928942752011623
Large,bd224dae-2a2e-4846-b248-b2ac2ea6ade4.jpg,MCB,MCB,True,0.9299759682326151
Large,bd224dae-2a2e-4846-b248-b2ac2ea6ade4.jpg,MCB,MCB,True,0.8525003657876029
Large,bd224dae-2a2e-4846-b248-b2ac2ea6ade4.jpg,MCB,MCB,True,0.8678687019368589
Large,bd224dae-2a2e-4846-b248-b2ac2ea6ade4.jpg,MCB,MCB,True,0.8404964526842273
Large,c14de4ec-f0a8-478f-8f5a-f5995345b265.jpg,RCD,RCD,True,0.9371200298191065
Large,c14de4ec-f0a8-478f-8f5a-f5995345b265.jpg,OVERSURGE,OVERSURGE,True,0.7494978647410995
Large,c14de4ec-f0a8-478f-8f5a-f5995345b265.jpg,RCD,RCD,True,0.6080993779771194
Large,c14de4ec-f0a8-478f-8f5a-f5995345b265.jpg,MCB,MCB,True,0.8819334601863061
Large,c14de4ec-f0a8-478f-8f5a-f5995345b265.jpg,MCB,MCB,True,0.9159583960184305
Large,c14de4ec-f0a8-478f-8f5a-f5995345b265.jpg,MCB,MCB,True,0.9156361104530225
Large,c14de4ec-f0a8-478f-8f5a-f5995345b265.jpg,RCD,RCD,True,0.9092057353276108
Large,c14de4ec-f0a8-478f-8f5a-f5995345b265.jpg,MCB,MCB,True,0.8805553547242103
Large,c14de4ec-f0a8-478f-8f5a-f5995345b265.jpg,MCB,MCB,True,0.9334498468065318
Large,c14de4ec-f0a8-478f-8f5a-f5995345b265.jpg,MCB,MCB,True,0.8835589814272278
Large,c14de4ec-f0a8-478f-8f5a-f5995345b265.jpg,MCB,MCB,True,0.9042326668577659
Large,c14de4ec-f0a8-478f-8f5a-f5995345b265.jpg,OTHER,OTHER,True,0.9104545007341903
Large,c14de4ec-f0a8-478f-8f5a-f5995345b265.jpg,MCB,MCB,True,0.9213124043101805
Large,c14de4ec-f0a8-478f-8f5a-f5995345b265.jpg,MCB,MCB,True,0.9225997075008195
Large,c14de4ec-f0a8-478f-8f5a-f5995345b265.jpg,RCD,RCD,True,0.8325221123092774
Large,c14de4ec-f0a8-478f-8f5a-f5995345b265.jpg,MCB,MCB,True,0.9152960273787202
Large,c14de4ec-f0a8-478f-8f5a-f5995345b265.jpg,MCB,MCB,True,0.9253458223018883
Large,FRANCE_8609f1fb-0aba-4a22-9038-9dc8faf163df.jpg,RCD,RCD,True,0.7988251386498789
Large,FRANCE_8609f1fb-0aba-4a22-9038-9dc8faf163df.jpg,RCD,RCD,True,0.9238092416651901
Large,FRANCE_8609f1fb-0aba-4a22-9038-9dc8faf163df.jpg,MCB,MCB,True,0.9247266438576497
Large,FRANCE_8609f1fb-0aba-4a22-9038-9dc8faf163df.jpg,MCB,MCB,True,0.8967261001025637
Large,FRANCE_8609f1fb-0aba-4a22-9038-9dc8faf163df.jpg,MCB,MCB,True,0.9484771429528008
Large,FRANCE_8609f1fb-0aba-4a22-9038-9dc8faf163df.jpg,MCB,MCB,True,0.9236636939611202
Large,FRANCE_8609f1fb-0aba-4a22-9038-9dc8faf163df.jpg,MCB,MCB,True,0.9086650770040585
Large,FRANCE_8609f1fb-0aba-4a22-9038-9dc8faf163df.jpg,MCB,MCB,True,0.8610999741215041
Large,FRANCE_8609f1fb-0aba-4a22-9038-9dc8faf163df.jpg,MCB,MCB,True,0.9777525960629784
Large,FRANCE_8609f1fb-0aba-4a22-9038-9dc8faf163df.jpg,MCB,MCB,True,0.8980184260971669
Large,FRANCE_8609f1fb-0aba-4a22-9038-9dc8faf163df.jpg,MCB,MCB,True,0.9251472028018608
Large,FRANCE_8609f1fb-0aba-4a22-9038-9dc8faf163df.jpg,MCB,MCB,True,0.9091774394425086
Large,FRANCE_8609f1fb-0aba-4a22-9038-9dc8faf163df.jpg,MCB,MCB,True,0.8799296070994439
Large,FRANCE_8609f1fb-0aba-4a22-9038-9dc8faf163df.jpg,MCB,MCB,True,0.8171163464048875
Large,scraped_approved_1782573680_1.jpg,MAINBREAKER,RCD,False,0.6820724638173693
Large,scraped_approved_1782573680_1.jpg,RCD,MCB,False,0.7074918048913166
Large,scraped_approved_1782573680_1.jpg,MAINBREAKER,RCD,False,0.7112820303876225
Large,scraped_approved_1782573680_1.jpg,RCD,MCB,False,0.7066332946699342
Large,scraped_approved_1782573680_1.jpg,MAINBREAKER,RCD,False,0.6885156650127503
Large,scraped_approved_1782573680_1.jpg,RCD,MCB,False,0.6975669908151885
Large,scraped_approved_1782573680_1.jpg,RCD,MCB,False,0.6848766066846464
Large,scraped_approved_1782573680_1.jpg,MAINBREAKER,OVERSURGE,False,0.40995622227933637
Large,scraped_approved_1782573680_1.jpg,RCD,MCB,False,0.7001291518203523
Large,scraped_approved_1782573685_4.jpg,MAINBREAKER,RCD,False,0.8798265893638336
Large,scraped_approved_1782573685_4.jpg,RCD,MCB,False,0.48833268427786186
Large,scraped_approved_1782573685_4.jpg,RCD,MCB,False,0.42261634671965287
Large,scraped_approved_1782573685_4.jpg,RCD,MCB,False,0.46773219509148817
Large,scraped_approved_1782573685_4.jpg,RCD,MCB,False,0.4619378789516055
Large,scraped_approved_1782573693_6.png,MCB,MCB,True,0.5861115523203239
Large,scraped_approved_1782573693_6.png,MAINBREAKER,RCD,False,0.5697002513338022
Large,scraped_approved_1782573693_6.png,RCD,MCB,False,0.5891868819103689
Large,scraped_approved_1782573693_6.png,RCD,MCB,False,0.6180046794208874
Large,scraped_approved_1782573693_6.png,RCD,MCB,False,0.6076717077252343
Large,scraped_approved_1782573719_15.jpg,MCB,MAINBREAKER,False,0.9055021704025943
Large,scraped_approved_1782573719_15.jpg,MAINBREAKER,RCD,False,0.913124980465994
Large,scraped_approved_1782573719_15.jpg,RCD,MCB,False,0.8847767536981962
Large,scraped_approved_1782573719_15.jpg,RCD,MCB,False,0.9180320905002206
Large,scraped_approved_1782573719_15.jpg,RCD,MCB,False,0.8629359913839986
Large,scraped_approved_1782573719_15.jpg,RCD,MCB,False,0.9180574128691404
Large,scraped_approved_1782573719_15.jpg,RCD,MCB,False,0.9111335629691923
Large,scraped_approved_1782573719_15.jpg,RCD,MCB,False,0.840126169262832
Large,scraped_approved_1782573719_15.jpg,RCD,MCB,False,0.8826990889618938
Large,scraped_approved_1782573719_15.jpg,RCD,MCB,False,0.8290524098340523
Large,scraped_approved_1782573725_19.jpg,MCB,MAINBREAKER,False,0.8789380133476238
Large,scraped_approved_1782573725_19.jpg,MCB,MAINBREAKER,False,0.8774466018562465
Large,scraped_approved_1782573725_19.jpg,MAINBREAKER,RCD,False,0.9100194982762629
Large,scraped_approved_1782573725_19.jpg,RCD,MCB,False,0.9049127580909935
Large,scraped_approved_1782573725_19.jpg,RCD,RCD,True,0.8303799388789744
Large,scraped_approved_1782573725_19.jpg,MAINBREAKER,RCD,False,0.9656517543645687
Large,scraped_approved_1782573725_19.jpg,RCD,MCB,False,0.9273723778296015
Large,scraped_approved_1782573725_19.jpg,RCD,RCD,True,0.9255667981541772
Large,scraped_approved_1782573725_19.jpg,RCD,MCB,False,0.9329402390897414
Large,scraped_approved_1782573726_20.jpg,RCD,MCB,False,0.8311030476866921
Large,scraped_approved_1782573726_20.jpg,MCB,MAINBREAKER,False,0.8247224479761672
Large,scraped_approved_1782573726_20.jpg,RCD,MCB,False,0.8298444806873779
Large,scraped_approved_1782573726_20.jpg,MAINBREAKER,RCD,False,0.8532993251010196
Large,scraped_approved_1782573726_20.jpg,RCD,MCB,False,0.8052846065991105
Large,scraped_approved_1782573726_20.jpg,RCD,MCB,False,0.9631619693832535
Large,scraped_approved_1782573726_20.jpg,RCD,MCB,False,0.815521920795221
Large,scraped_approved_1782573726_20.jpg,RCD,MCB,False,0.8830381841890227
Large,scraped_approved_1782573726_20.jpg,RCD,MCB,False,0.8821917303892872
Large,scraped_approved_1782573732_25.jpg,MAINBREAKER,MAINBREAKER,True,0.8897866740312369
Large,scraped_approved_1782573732_25.jpg,MAINBREAKER,MAINBREAKER,True,0.9646715553924241
Large,scraped_approved_1782573732_25.jpg,RCD,RCD,True,0.9400376934436208
Large,scraped_approved_1782573732_25.jpg,MCB,RCD,False,0.926429022027955
Large,scraped_approved_1782573732_25.jpg,MCB,MCB,True,0.5620454086736337
Large,scraped_approved_1782573732_25.jpg,MCB,MCB,True,0.47953058736597626
Large,scraped_approved_1782573732_25.jpg,MCB,MCB,True,0.94179397827397
Large,scraped_approved_1782573732_25.jpg,MCB,MCB,True,0.9200666600844444
Large,scraped_approved_1782573732_25.jpg,MCB,MCB,True,0.9242846786943085
Large,scraped_approved_1782573732_25.jpg,MCB,MCB,True,0.9338637480873154
Large,scraped_approved_1782573732_25.jpg,MCB,MCB,True,0.9229947704449862
Large,scraped_approved_1782573735_27.jpg,MAINBREAKER,MCB,False,0.9689475811066858
Large,scraped_approved_1782573735_27.jpg,RCD,RCD,True,0.9143702457479254
Large,scraped_approved_1782573735_27.jpg,MCB,MCB,True,0.9743215532388784
Large,scraped_approved_1782573735_27.jpg,MCB,MCB,True,0.9503571269881298
Large,scraped_approved_1782573735_27.jpg,MCB,MCB,True,0.9750920558259242
Large,scraped_approved_1782573735_27.jpg,MCB,MCB,True,0.9510152487071104
Large,scraped_approved_1782573735_27.jpg,MCB,RCD,False,0.9317413827279887
Large,scraped_approved_1782573741_30.jpg,MAINBREAKER,MCB,False,0.4800691941858471
Large,scraped_approved_1782573748_32.jpg,RCD,RCD,True,0.9604118765826186
Large,scraped_approved_1782573748_32.jpg,MAINBREAKER,MCB,False,0.955018654748538
Large,scraped_approved_1782573748_32.jpg,MCB,MCB,True,0.9523202130995009
Large,scraped_approved_1782573748_32.jpg,MCB,MCB,True,0.9585534816526264
Large,scraped_approved_1782573748_32.jpg,RCD,RCD,True,0.9423430845325567
Large,scraped_approved_1782573748_32.jpg,MCB,RCD,False,0.5245783434639751
Large,scraped_approved_1782573748_32.jpg,MCB,MCB,True,0.963644749472133
Large,scraped_approved_1782573748_32.jpg,MCB,MCB,True,0.9647558096773338
Large,scraped_approved_1782573748_32.jpg,MCB,MCB,True,0.9464736883668156
Large,scraped_approved_1782573748_32.jpg,MCB,MCB,True,0.9763004241649409
Large,scraped_approved_1782573748_32.jpg,RCD,MCB,False,0.9511651344895565
Large,scraped_approved_1782573748_32.jpg,MAINBREAKER,RCD,False,0.9487135719551036
Large,scraped_approved_1782573748_32.jpg,MCB,MCB,True,0.9589688568721431
Large,scraped_approved_1782573751_35.jpg,MAINBREAKER,MCB,False,0.9071440151881337
Large,scraped_approved_1782573751_35.jpg,MCB,MCB,True,0.9259225833172214
Large,scraped_approved_1782573751_35.jpg,MCB,MCB,True,0.9296786791215941
Large,scraped_approved_1782573751_35.jpg,MCB,MCB,True,0.966323880802494
Large,scraped_approved_1782573751_35.jpg,RCD,RCD,True,0.9527716892523539
Large,scraped_approved_1782573751_35.jpg,MAINBREAKER,MAINBREAKER,True,0.9432390329885934
Large,scraped_approved_1782573751_35.jpg,MAINBREAKER,MAINBREAKER,True,0.9518889098378566
Large,scraped_approved_1782573804_73.jpg,MAINBREAKER,RCD,False,0.5060495789615248
Large,scraped_approved_1782573804_73.jpg,MCB,MCB,True,0.9473052844856171
Large,scraped_approved_1782573804_73.jpg,MCB,MCB,True,0.9461634328811648
Large,scraped_approved_1782573804_73.jpg,MCB,MCB,True,0.4837099674799091
Large,scraped_approved_1782573804_73.jpg,MCB,MCB,True,0.9511432381905405
Large,scraped_approved_1782573804_73.jpg,MCB,MCB,True,0.9394255983547668
Large,scraped_approved_1782573804_73.jpg,MCB,MCB,True,0.9561040881841248
Large,scraped_approved_1782573804_73.jpg,MCB,MCB,True,0.9542036732039689
Large,scraped_approved_1782573804_73.jpg,MCB,MCB,True,0.9280964116103488
Large,scraped_approved_1782573839_103.jpg,RCD,RCD,True,0.8895306507433204
Large,scraped_approved_1782573839_103.jpg,MCB,MCB,True,0.9514591881219732
Large,scraped_approved_1782573839_103.jpg,MCB,MCB,True,0.909887099941165
Large,scraped_approved_1782573839_103.jpg,MCB,MCB,True,0.9450551588466233
Large,scraped_approved_1782573839_103.jpg,MCB,MCB,True,0.8843025542999468
Large,scraped_approved_1782573845_108.jpg,RCD,RCD,True,0.6598322703710247
Large,scraped_approved_1782573845_108.jpg,MCB,MCB,True,0.965468536513984
Large,scraped_approved_1782573845_108.jpg,RCD,RCD,True,0.9343827548931962
Large,scraped_approved_1782573845_108.jpg,MCB,MCB,True,0.9614014266350597
Large,scraped_approved_1782573845_108.jpg,MCB,MCB,True,0.9170577566820156
Large,scraped_approved_1782573845_108.jpg,MCB,MCB,True,0.9313284101945627
Large,scraped_approved_1782573845_108.jpg,MCB,MCB,True,0.9521238939717568
Large,scraped_approved_1782573845_108.jpg,MCB,MCB,True,0.9583002149867303
Large,scraped_approved_1782573845_108.jpg,MCB,MCB,True,0.9730620568257544
Large,scraped_approved_1782573845_108.jpg,MCB,MCB,True,0.9511878284998521
Large,scraped_approved_1782573858_119.jpg,MAINBREAKER,OVERSURGE,False,0.9456481071074906
Large,scraped_approved_1782573858_119.jpg,RCD,RCD,True,0.981206897263522
Large,scraped_approved_1782573858_119.jpg,MCB,MCB,True,0.9873844882470154
Large,scraped_approved_1782573858_119.jpg,MCB,MCB,True,0.9496686552953342
Large,scraped_approved_1782573858_119.jpg,MCB,MCB,True,0.948995954640801
Large,scraped_approved_1782573858_119.jpg,MCB,MCB,True,0.9227144486969681
Large,scraped_approved_1782573876_131.jpg,RCD,RCD,True,0.9623590084656339
Large,scraped_approved_1782573876_131.jpg,MCB,MCB,True,0.9540388095523664
Large,scraped_approved_1782573876_131.jpg,MCB,MCB,True,0.938028863966172
Large,scraped_approved_1782573876_131.jpg,MCB,MCB,True,0.9665699070892338
Large,scraped_approved_1782573942_160.jpg,OVERSURGE,OVERSURGE,True,0.9713957319159868
Large,scraped_approved_1782573942_160.jpg,RCD,RCD_SI,False,0.6475871505354597
Large,scraped_approved_1782573942_160.jpg,MCB,OVERSURGE,False,0.4794175319920425
Large,scraped_approved_1782573942_160.jpg,MCB,MCB,True,0.4995879768496922
Large,scraped_approved_1782573943_161.jpg,MAINBREAKER,MCB,False,0.9736771439495165
Large,scraped_approved_1782573943_161.jpg,MCB,MCB,True,0.9529531097489398
Large,scraped_approved_1782573943_161.jpg,MCB,MCB,True,0.9511416789689463
Large,scraped_approved_1782573943_161.jpg,MCB,RCD,False,0.9535290893395576
Large,scraped_approved_1782573956_172.jpg,MAINBREAKER,MAINBREAKER,True,0.9117304661520443
Large,scraped_approved_1782573956_172.jpg,RCD,RCD,True,0.9143744755021351
Large,scraped_approved_1782573956_172.jpg,MCB,MCB,True,0.9368099414620236
Large,scraped_approved_1782573956_172.jpg,MCB,MCB,True,0.9367964985555192
Large,scraped_approved_1782573956_172.jpg,MCB,MCB,True,0.9493818822091917
Large,scraped_approved_1782573956_172.jpg,MCB,MCB,True,0.9370540494341482
Large,scraped_approved_1782573956_172.jpg,MCB,MCB,True,0.9198977672531095
Large,scraped_approved_1782573972_181.jpg,MCB,MCB,True,0.9619996826053376
Large,scraped_approved_1782573972_181.jpg,OTHER,MCB,False,0.9805943903503376
Large,scraped_approved_1782573972_181.jpg,RCD,OTHER,False,0.9739627470950484
Large,scraped_approved_1782573972_181.jpg,RCD,RCD,True,0.9269503860912964
Large,scraped_approved_1782573972_181.jpg,MCB,MCB,True,0.7492983657233944
Large,scraped_approved_1782573972_181.jpg,MCB,MCB,True,0.9387651917389319
Large,scraped_approved_1782573995_198.jpg,MCB,MCB,True,0.9427544486785217
Large,scraped_approved_1782573995_198.jpg,MCB,MCB,True,0.939041667237337
Large,scraped_approved_1782573995_198.jpg,RCD,MCB,False,0.9800502649699779
Large,scraped_approved_1782573995_198.jpg,MCB,MCB,True,0.9789982820040839
Large,scraped_approved_1782573995_198.jpg,MCB,MCB,True,0.9829754369027631
Large,scraped_approved_1782573995_198.jpg,MCB,MCB,True,0.979379726790477
Large,scraped_approved_1782573995_198.jpg,RCD,RCD,True,0.9698634184725154
Large,scraped_approved_1782573995_198.jpg,MCB,MAINBREAKER,False,0.9648681239666508
Large,scraped_approved_1782573995_198.jpg,MAINBREAKER,MCB,False,0.9561561169297523
Large,scraped_approved_1782577088_21.jpg,RCD,RCD,True,0.9562046665110958
Large,scraped_approved_1782577088_21.jpg,MCB,MCB,True,0.509677320033108
Large,scraped_approved_1782577088_21.jpg,MCB,MCB,True,0.4746858234575452
Large,scraped_approved_1782577088_21.jpg,RCD,RCD,True,0.9318062139285939
Large,scraped_approved_1782577088_21.jpg,RCD,RCD,True,0.924182179359563
Large,scraped_approved_1782577088_21.jpg,MCB,MCB,True,0.9291975387165018
Large,scraped_approved_1782577088_21.jpg,MCB,MCB,True,0.924294425828557
Large,scraped_approved_1782577088_21.jpg,MCB,MCB,True,0.9207692288415579
Large,scraped_approved_1782577088_21.jpg,MCB,MCB,True,0.9145580632557386
Large,scraped_approved_1782577088_21.jpg,MCB,MCB,True,0.9534502414632059
Large,scraped_approved_1782577088_21.jpg,MCB,MCB,True,0.958924795464307
Large,scraped_approved_1782577088_21.jpg,MCB,MCB,True,0.9098778306560833
Large,scraped_approved_1782577088_21.jpg,MCB,MCB,True,0.9524150829897006
Large,scraped_approved_1782577254_80.jpg,RCD,RCD,True,0.9858617418075534
Large,scraped_approved_1782577254_80.jpg,MCB,MCB,True,0.9660921699965844
Large,scraped_approved_1782577254_80.jpg,MCB,MCB,True,0.9602043335611876
Large,scraped_approved_1782577254_80.jpg,MCB,MCB,True,0.9350427289479467
Large,scraped_approved_1782577254_80.jpg,MCB,MCB,True,0.8950544242160866
Large,scraped_approved_1782577257_81.jpg,RCD,RCD,True,0.9422809525509097
Large,scraped_approved_1782577257_81.jpg,RCD,RCD,True,0.9126311317352103
Large,scraped_approved_1782577257_81.jpg,MCB,MCB,True,0.9631046521215179
Large,scraped_approved_1782577257_81.jpg,MCB,MCB,True,0.9344102186515414
Large,scraped_approved_1782577257_81.jpg,MCB,MCB,True,0.9538841845354658
Large,scraped_approved_1782577257_81.jpg,MCB,MCB,True,0.9229064172674065
Large,scraped_approved_1782577257_81.jpg,MCB,MCB,True,0.9045497443960886
Large,scraped_approved_1782577257_81.jpg,MCB,MCB,True,0.9222757807221906
Large,scraped_approved_1782577257_81.jpg,MCB,MCB,True,0.9283741710441121
Large,scraped_approved_1782577257_81.jpg,MCB,MCB,True,0.9267065676595171
Large,scraped_approved_1782577257_81.jpg,OVERSURGE,OTHER,False,0.9412132058522259
Large,scraped_approved_1782577257_81.jpg,MCB,MCB,True,0.9178492690686844
Large,scraped_approved_1782577257_81.jpg,MCB,MCB,True,0.9376120164756758
Large,scraped_approved_1782577257_81.jpg,MCB,MCB,True,0.9011548705839237
Large,scraped_approved_1782577257_81.jpg,MCB,MCB,True,0.9268752115131029
Large,scraped_approved_1782577257_81.jpg,MCB,MCB,True,0.895889705483736
Large,scraped_approved_1782577257_81.jpg,MCB,MCB,True,0.9603825900859346
Large,scraped_approved_1782577257_81.jpg,MCB,MCB,True,0.9063675376449792
Large,SPAIN_07104893-2a8c-4742-a5c1-3589f3423cfa.jpg,MCB,MCB,True,0.9152545464565786
Large,SPAIN_07104893-2a8c-4742-a5c1-3589f3423cfa.jpg,RCD,MCB,False,0.902635421871154
Large,SPAIN_16c18613-b9af-4cca-801e-8a5efc8fba43.jpeg,MAINBREAKER,MAINBREAKER,True,0.8744072150263366
Large,SPAIN_16c18613-b9af-4cca-801e-8a5efc8fba43.jpeg,MCB,MAINBREAKER,False,0.8877410327239162
Large,SPAIN_16c18613-b9af-4cca-801e-8a5efc8fba43.jpeg,RCD,RCD,True,0.932103964883847
Large,SPAIN_16c18613-b9af-4cca-801e-8a5efc8fba43.jpeg,MCB,MCB,True,0.9393779232543298
Large,SPAIN_16c18613-b9af-4cca-801e-8a5efc8fba43.jpeg,MCB,MCB,True,0.9250906255643168
Large,SPAIN_16c18613-b9af-4cca-801e-8a5efc8fba43.jpeg,MCB,MCB,True,0.937911232719389
Large,SPAIN_16c18613-b9af-4cca-801e-8a5efc8fba43.jpeg,MCB,MCB,True,0.8841659614077412
Large,SPAIN_317f73b8-13a9-4617-ad3c-ca5409e4e120.jpeg,MAINBREAKER,MAINBREAKER,True,0.8673331518610347
Large,SPAIN_317f73b8-13a9-4617-ad3c-ca5409e4e120.jpeg,RCD,RCD,True,0.929746374192545
Large,SPAIN_317f73b8-13a9-4617-ad3c-ca5409e4e120.jpeg,MCB,MCB,True,0.9557899979367478
Large,SPAIN_317f73b8-13a9-4617-ad3c-ca5409e4e120.jpeg,MCB,MCB,True,0.9349947509724059
Large,SPAIN_317f73b8-13a9-4617-ad3c-ca5409e4e120.jpeg,MCB,MCB,True,0.9194222870066939
Large,SPAIN_317f73b8-13a9-4617-ad3c-ca5409e4e120.jpeg,MCB,MCB,True,0.9604032667474559
Large,SPAIN_317f73b8-13a9-4617-ad3c-ca5409e4e120.jpeg,MCB,MCB,True,0.8864885838146664
Large,SPAIN_3a76f32e-23f3-43c2-86d1-96baf1adfeb5.jpg,MCB,MCB,True,0.9499543650996167
Large,SPAIN_3a76f32e-23f3-43c2-86d1-96baf1adfeb5.jpg,MCB,MCB,True,0.9752969592671072
Large,SPAIN_3a76f32e-23f3-43c2-86d1-96baf1adfeb5.jpg,MCB,MCB,True,0.9537960198325254
Large,SPAIN_3a76f32e-23f3-43c2-86d1-96baf1adfeb5.jpg,MCB,MCB,True,0.5085411975328326
Large,SPAIN_66e65cb2-f410-4140-86c8-e11439746fc6.jpg,RCD,RCD,True,0.9021531579639156
Large,SPAIN_66e65cb2-f410-4140-86c8-e11439746fc6.jpg,MAINBREAKER,MCB,False,0.7498407432628992
Large,SPAIN_66e65cb2-f410-4140-86c8-e11439746fc6.jpg,MCB,MCB,True,0.9006290442360955
Large,SPAIN_66e65cb2-f410-4140-86c8-e11439746fc6.jpg,MCB,MCB,True,0.8605028688009494
Large,SPAIN_66e65cb2-f410-4140-86c8-e11439746fc6.jpg,RCD,RCD,True,0.9652329407198402
Large,SPAIN_66e65cb2-f410-4140-86c8-e11439746fc6.jpg,MCB,MCB,True,0.9251514277111135
Large,SPAIN_66e65cb2-f410-4140-86c8-e11439746fc6.jpg,MCB,MCB,True,0.8869925103468137
Large,SPAIN_7fc16587-e475-404b-83aa-7d0b2cb2851f.jpg,RCD,RCD,True,0.506625670926626
Large,SPAIN_7fc16587-e475-404b-83aa-7d0b2cb2851f.jpg,MCB,MCB,True,0.5735506157938739
Large,SPAIN_8a4d84d3-797f-4cad-9128-975e91e800f3.jpeg,MCB,MCB,True,0.9254081491452855
Large,SPAIN_9880d248-3cae-4e53-bcb1-4bfa52e88853.jpg,MAINBREAKER,MCB,False,0.9083648644555444
Large,SPAIN_9880d248-3cae-4e53-bcb1-4bfa52e88853.jpg,RCD,RCD,True,0.9042053442916973
Large,SPAIN_9880d248-3cae-4e53-bcb1-4bfa52e88853.jpg,RCD,RCD,True,0.8867401935493268
Large,SPAIN_9880d248-3cae-4e53-bcb1-4bfa52e88853.jpg,MCB,MCB,True,0.8973263895360459
Large,SPAIN_9880d248-3cae-4e53-bcb1-4bfa52e88853.jpg,MCB,MCB,True,0.9189177418739571
Large,SPAIN_9880d248-3cae-4e53-bcb1-4bfa52e88853.jpg,MCB,MCB,True,0.887055395781903
Large,SPAIN_9880d248-3cae-4e53-bcb1-4bfa52e88853.jpg,OTHER,OTHER,True,0.9111312858291333
Large,SPAIN_9880d248-3cae-4e53-bcb1-4bfa52e88853.jpg,MCB,MCB,True,0.914091010866586
Large,SPAIN_9880d248-3cae-4e53-bcb1-4bfa52e88853.jpg,RCD,RCD,True,0.9109071074880231
Large,SPAIN_9880d248-3cae-4e53-bcb1-4bfa52e88853.jpg,OTHER,OTHER,True,0.8255434796343191
Large,SPAIN_9880d248-3cae-4e53-bcb1-4bfa52e88853.jpg,MCB,MCB,True,0.8726355597959514
Large,SPAIN_9880d248-3cae-4e53-bcb1-4bfa52e88853.jpg,MCB,MCB,True,0.9058435956854318
Large,SPAIN_9880d248-3cae-4e53-bcb1-4bfa52e88853.jpg,MCB,MCB,True,0.9471807841282233
Large,SPAIN_9880d248-3cae-4e53-bcb1-4bfa52e88853.jpg,MCB,MCB,True,0.9583977886003217
Large,SPAIN_9880d248-3cae-4e53-bcb1-4bfa52e88853.jpg,RCD,RCD,True,0.8884490219343468
Large,SPAIN_9880d248-3cae-4e53-bcb1-4bfa52e88853.jpg,OTHER,OTHER,True,0.9381512249401577
Large,SPAIN_9880d248-3cae-4e53-bcb1-4bfa52e88853.jpg,OTHER,OTHER,True,0.8755833813119935
Large,SPAIN_9880d248-3cae-4e53-bcb1-4bfa52e88853.jpg,RCD,RCD,True,0.565805019377711
Large,SPAIN_9880d248-3cae-4e53-bcb1-4bfa52e88853.jpg,MCB,MCB,True,0.8496941524424237
Large,SPAIN_9880d248-3cae-4e53-bcb1-4bfa52e88853.jpg,OTHER,OTHER,True,0.4609224408713789
Large,SPAIN_9880d248-3cae-4e53-bcb1-4bfa52e88853.jpg,OTHER,MCB,False,0.47061968591982023
Large,SPAIN_9880d248-3cae-4e53-bcb1-4bfa52e88853.jpg,OTHER,OTHER,True,0.9100265420142344
Large,SPAIN_9880d248-3cae-4e53-bcb1-4bfa52e88853.jpg,OTHER,MCB,False,0.8620629638836597
Large,SPAIN_9880d248-3cae-4e53-bcb1-4bfa52e88853.jpg,MCB,MCB,True,0.9108295119206097
Large,SPAIN_9880d248-3cae-4e53-bcb1-4bfa52e88853.jpg,OTHER,OTHER,True,0.8719050112847662
Large,SPAIN_9880d248-3cae-4e53-bcb1-4bfa52e88853.jpg,OTHER,MCB,False,0.9203512653063538
Large,SPAIN_9880d248-3cae-4e53-bcb1-4bfa52e88853.jpg,MCB,MCB,True,0.8701877874761751
Large,SPAIN_9880d248-3cae-4e53-bcb1-4bfa52e88853.jpg,OTHER,RCD,False,0.8489472816918748
Large,SPAIN_9880d248-3cae-4e53-bcb1-4bfa52e88853.jpg,MCB,MCB,True,0.8857139307128167
Large,SPAIN_9c17e1d2-6f01-4aa0-a286-2b9d0f7279bb.jpg,MAINBREAKER,MAINBREAKER,True,0.8859941714134512
Large,SPAIN_9c17e1d2-6f01-4aa0-a286-2b9d0f7279bb.jpg,RCD,RCD,True,0.9107771898898519
Large,SPAIN_9c17e1d2-6f01-4aa0-a286-2b9d0f7279bb.jpg,MCB,MCB,True,0.9396407526508276
Large,SPAIN_9c17e1d2-6f01-4aa0-a286-2b9d0f7279bb.jpg,MCB,MCB,True,0.9381768748946581
Large,SPAIN_9c17e1d2-6f01-4aa0-a286-2b9d0f7279bb.jpg,MCB,MCB,True,0.8105434657485472
Large,SPAIN_9c17e1d2-6f01-4aa0-a286-2b9d0f7279bb.jpg,MCB,MCB,True,0.520391908689883
Large,SPAIN_9c17e1d2-6f01-4aa0-a286-2b9d0f7279bb.jpg,MCB,MCB,True,0.40112806658102007
Large,SPAIN_a0acdd6f-645c-44b5-be26-006e84bf9930.jpg,OTHER,OTHER,True,0.8223150108470542
Large,SPAIN_a0acdd6f-645c-44b5-be26-006e84bf9930.jpg,MCB,MAINBREAKER,False,0.8537191275564943
Large,SPAIN_a0acdd6f-645c-44b5-be26-006e84bf9930.jpg,RCD,RCD,True,0.9160295168145861
Large,SPAIN_a0acdd6f-645c-44b5-be26-006e84bf9930.jpg,MCB,MCB,True,0.841343669383513
Large,SPAIN_a0acdd6f-645c-44b5-be26-006e84bf9930.jpg,MCB,MCB,True,0.9517918597608863
Large,SPAIN_a0acdd6f-645c-44b5-be26-006e84bf9930.jpg,MCB,MCB,True,0.8793096165373386
Large,SPAIN_a0acdd6f-645c-44b5-be26-006e84bf9930.jpg,MCB,MCB,True,0.9436080309153434
Large,SPAIN_a0acdd6f-645c-44b5-be26-006e84bf9930.jpg,MCB,MCB,True,0.9464303773021403
Large,SPAIN_b3207172-17e0-4d2e-8d84-ac6a495d2e68.jpg,MCB,MCB,True,0.9766519059713472
Large,SPAIN_b3207172-17e0-4d2e-8d84-ac6a495d2e68.jpg,MCB,MCB,True,0.9398657803972335
Large,SPAIN_b3207172-17e0-4d2e-8d84-ac6a495d2e68.jpg,MCB,MCB,True,0.9328539166617994
Large,SPAIN_b3207172-17e0-4d2e-8d84-ac6a495d2e68.jpg,RCD,RCD,True,0.9094827989755369
Large,SPAIN_b3207172-17e0-4d2e-8d84-ac6a495d2e68.jpg,MAINBREAKER,MAINBREAKER,True,0.9737438592864047
Large,SPAIN_b3207172-17e0-4d2e-8d84-ac6a495d2e68.jpg,MAINBREAKER,MAINBREAKER,True,0.8974308825100323
Large,SPAIN_c02b9e12-140b-4716-bb3c-d5043c793944.jpg,MCB,MCB,True,0.7469870976304874
Large,SPAIN_c02b9e12-140b-4716-bb3c-d5043c793944.jpg,MCB,MCB,True,0.9090656790077608
Large,SPAIN_c02b9e12-140b-4716-bb3c-d5043c793944.jpg,RCD,RCD,True,0.8967301288741534
Large,SPAIN_de7c30d0-ac9f-4dbd-ae0c-c6de8b525c98.jpeg,MAINBREAKER,MAINBREAKER,True,0.8073790502390855
Large,SPAIN_de7c30d0-ac9f-4dbd-ae0c-c6de8b525c98.jpeg,RCD,RCD,True,0.8682689278554865
Large,SPAIN_de7c30d0-ac9f-4dbd-ae0c-c6de8b525c98.jpeg,MCB,MCB,True,0.9240378317371664
Large,SPAIN_de7c30d0-ac9f-4dbd-ae0c-c6de8b525c98.jpeg,MCB,MCB,True,0.9112049227596373
